<?xml version="1.0" encoding="UTF-8"?>
<rulesconfig version="4.2.3.1">
   <jardir>C:\Users\kriti_LMS</jardir>
   <jarname>output</jarname>
   <bundle_version>1</bundle_version>
   <serviceport>8080</serviceport>
   <nativeevaluator>false</nativeevaluator>
   <onload/>
   <field assettype="Create" batch="false" datatype="STRING" desc="" encrypted="false"
          exposed="false"
          fieldtype="USER"
          name="APIResponse"
          public="false"
          responsetype="TEXT"
          threadlocal="true"
          valuestr=""/>
   <function asset="getPAREWorkgroups" assettype="Create" batch="false" callmethod="POST"
             desc=""
             engine="AdminService"
             exposed="false"
             host="[SERVER_IP]"
             methodname="runCmd"
             name="al_AdminService.getPAREWorkgroups"
             port="[SERVER_PORT]"
             protocol="[SERVER_PROTOCOL]"
             public="false"
             publicapi="false"
             responsetype="TEXT"
             returntype="STRING"
             safctxobjname=""
             safctxobjvalue=""
             token=""
             type="ServerAsset"/>
   <field assettype="Create" batch="false" datatype="STRING" desc="" encrypted="false"
          exposed="false"
          fieldtype="USER"
          name="EmailId"
          public="false"
          responsetype="TEXT"
          threadlocal="true"
          valuestr=""/>
   <connector assettype="Create" batch="false" classlocation="[PostgreSQL_DRIVER_LOCATION]"
              connname="TRUEBYL"
              conntype="DBLINK"
              dbtype="POSTGRESQL"
              desc=""
              driverclassname="org.postgresql.Driver"
              engine="dbconnectionpool"
              exposed="false"
              initialpoolsize="1"
              maxpoolsize="-1"
              name="partner_DB_Connector@dblink"
              public="false"
              responsetype="TEXT"
              url="[PostgreSQL_CONNECTION_STRING]"
              usemaxpoolsize="false"
              username="[partner_DB_USERNAME]"
              xadsclassname="org.postgresql.xa.PGXADataSource">
      <password algo="md5" password="partner_DB_PASSWORD" usepwdman="true"/>
   </connector>
   <datasource assettype="Create" batch="false" connector="partner_DB_Connector@dblink"
               desc=""
               dstype="QueryString"
               exposed="false"
               expression="SELECT COUNT(1) COUNT_USER  FROM CB_USER WHERE UPPER(TRIM(EMAILID)) = UPPER(TRIM(#bEmailId#))"
               fetchsize="16"
               name="ds_countUserId"
               public="false"
               responsetype="TEXT"
               volatile="true">
      <boundvar exp="[EmailId]" name="bEmailId" type="VARCHAR"/>
      <reference name="EmailId"/>
   </datasource>
   <field assettype="Create" batch="false" datatype="STRING" desc="" encrypted="false"
          exposed="false"
          fieldtype="USER"
          name="EngineName"
          public="false"
          responsetype="TEXT"
          threadlocal="false"
          valuestr="Workgroup"/>
   <field assettype="Create" batch="false" datatype="STRING" desc="" encrypted="false"
          exposed="false"
          fieldtype="USER"
          name="LogMessage"
          public="false"
          responsetype="TEXT"
          threadlocal="true"
          valuestr=""/>
   <function asset="getPAREUser" assettype="Create" batch="false" callmethod="POST" desc=""
             engine="AdminService"
             exposed="false"
             host="[SERVER_IP]"
             methodname="runCmd"
             name="al_AdminService.getPAREUser"
             port="[SERVER_PORT]"
             protocol="[SERVER_PROTOCOL]"
             public="false"
             publicapi="false"
             responsetype="TEXT"
             returntype="STRING"
             safctxobjname=""
             safctxobjvalue=""
             token=""
             type="ServerAsset"/>
   <datasource assettype="Create" batch="false" connector="partner_DB_Connector@dblink"
               desc=""
               dstype="QueryString"
               exposed="false"
               expression="SELECT SERVER_USERID FROM CB_USERINFO WHERE UPPER(TRIM(USERID)) = UPPER(TRIM(#bEmailId#))"
               fetchsize="16"
               name="ds_getPareUserId"
               public="false"
               responsetype="TEXT"
               volatile="true">
      <boundvar exp="[EmailId]" name="bEmailId" type="VARCHAR"/>
      <reference name="EmailId"/>
   </datasource>
   <field assettype="Create" batch="false" datasource="ds_getPareUserId"
          datatype="STRING"
          desc=""
          element="server_userid"
          exposed="false"
          fieldtype="DATASRC"
          name="ds_getPareUserId.server_userid"
          public="false"
          responsetype="TEXT"
          threadlocal="true"/>
   <action assettype="Create" batch="false" datasource="ds_getPareUserId"
           desc="This action releases thread specific cursors or resultsets. This is safe to use in a multi threaded processing scenario as the impact is limited to calling thread."
           exposed="false"
           methodname="runCmd"
           name="ds_getPareUserId.Refresh"
           public="false"
           responsetype="TEXT"
           type="RefreshDS"/>
   <field assettype="Create" batch="false" datasource="ds_countUserId" datatype="LONG"
          desc=""
          element="count_user"
          exposed="false"
          fieldtype="DATASRC"
          name="ds_countUserId.count_user"
          public="false"
          responsetype="TEXT"
          threadlocal="true"/>
   <field assettype="Create" batch="false" datatype="STRING" desc="" encrypted="false"
          exposed="false"
          fieldtype="USER"
          name="PartitionId"
          public="false"
          responsetype="TEXT"
          threadlocal="true"
          valuestr=""/>
   <action assettype="Create" batch="false" desc="Sets value of field APIResponse"
           exposed="false"
           field="APIResponse"
           methodname="runCmd"
           name="APIResponse ="
           public="false"
           responsetype="TEXT"
           type="Setter">
      <param datatype="STRING" help="Value of the field APIResponse"/>
   </action>
   <function asset="setPAREUserWorkgroup" assettype="Create" batch="false" callmethod="PUT"
             desc=""
             engine="AdminService"
             exposed="false"
             host="[SERVER_IP]"
             methodname="runCmd"
             name="al_AdminService.setPAREUserWorkgroup"
             port="[SERVER_PORT]"
             protocol="[SERVER_PROTOCOL]"
             public="false"
             publicapi="false"
             responsetype="TEXT"
             returntype="STRING"
             safctxobjname=""
             safctxobjvalue=""
             token=""
             type="ServerAsset">
      <param datatype="STRING" help="User"/>
      <param datatype="STRING" help="Workgroup"/>
      <param datatype="STRING" help="Inheritable"/>
   </function>
   <function asset="removePAREUserWorkgroup" assettype="Create" batch="false"
             callmethod="POST"
             desc=""
             engine="AdminService"
             exposed="false"
             host="[SERVER_IP]"
             methodname="runCmd"
             name="al_AdminService.removePAREUserWorkgroup"
             port="[SERVER_PORT]"
             protocol="[SERVER_PROTOCOL]"
             public="false"
             publicapi="false"
             responsetype="TEXT"
             returntype="STRING"
             safctxobjname=""
             safctxobjvalue=""
             token=""
             type="ServerAsset">
      <param datatype="STRING" help="User"/>
      <param datatype="STRING" help="Workgroup"/>
   </function>
   <action assettype="Create" batch="false" desc="" exposed="false" methodname="runCmd"
           name="script_act_retrieveWorkgroups"
           public="false"
           responsetype="TEXT"
           type="Script">
      <script scripttype="Javascript">var logLevel = "Error:";
var APIName = "getSystemWorkgroup()::script_act_retrieveWorkgroups:";

var json = "";
try{
	json = al_AdminService_getPAREWorkgroups.call()
}
catch(e){
		v_LogMessage.set("Getting Workgroups");
		Connector_Logger_writeLine2.call(v_EngineName.get(),logLevel+APIName+v_LogMessage.get(),PARTITION_ID);
		Connector_Logger_writeLine2.call(v_EngineName.get(),logLevel+APIName+getLastErrorStack.call(),PARTITION_ID);
		throw "&lt;&lt;&lt; "+ logLevel + v_LogMessage.get() +" &gt;&gt;&gt;";
}
var obj = "";
try{
	obj = JSON.parse(json);
}
catch(e){
		v_LogMessage.set("Parsing Workgroup json");
		Connector_Logger_writeLine2.call(v_EngineName.get(),logLevel+APIName+v_LogMessage.get(),PARTITION_ID);
		Connector_Logger_writeLine2.call(v_EngineName.get(),logLevel+APIName+getLastErrorStack.call(),PARTITION_ID);
		throw "&lt;&lt;&lt; "+ logLevel + v_LogMessage.get() +" &gt;&gt;&gt;";
}
var output = "";
for(var i = 0; i &lt; obj.length; i++)
{
	var workgroup = obj[i]["name"];
	if(workgroup.localeCompare("administrator") != 0)
	{
		output = output + workgroup + ",";
	}
}
var str = output.substring(0, output.length-1);
v_APIResponse.set(str);</script>
      <reference name="getLastErrorStack"/>
      <reference name="al_AdminService.getPAREWorkgroups"/>
      <reference name="APIResponse"/>
      <reference name="EngineName"/>
      <reference name="LogMessage"/>
   </action>
   <action assettype="Create" batch="false" desc="Sets value of field EmailId"
           exposed="false"
           field="EmailId"
           methodname="runCmd"
           name="EmailId ="
           public="false"
           responsetype="TEXT"
           type="Setter">
      <param datatype="STRING" help="Value of the field EmailId"/>
   </action>
   <action assettype="Create" batch="false" connector="partner_DB_Connector@dblink"
           desc="Execute the DML query as represented by the passed expression"
           exposed="false"
           methodname="executeDML"
           name="partner_DB_Connector.DML"
           public="false"
           responsetype="TEXT"
           type="DML">
      <param datatype="STRING" help="DML Query"/>
   </action>
   <datasource assettype="Create" batch="false" connector="partner_DB_Connector@dblink"
               desc=""
               dstype="QueryString"
               exposed="false"
               expression="SELECT COUNT(1) COUNT_WORKGROUP FROM CB_USERWORKGROUP WHERE UPPER(TRIM(EMAILID)) = UPPER(TRIM(#bEmailId#))"
               fetchsize="16"
               name="ds_countUserWorkgroup"
               public="false"
               responsetype="TEXT"
               volatile="true">
      <boundvar exp="[EmailId]" name="bEmailId" type="VARCHAR"/>
      <reference name="EmailId"/>
   </datasource>
   <field assettype="Create" batch="false" datasource="ds_countUserWorkgroup"
          datatype="LONG"
          desc=""
          element="count_workgroup"
          exposed="false"
          fieldtype="DATASRC"
          name="ds_countUserWorkgroup.count_workgroup"
          public="false"
          responsetype="TEXT"
          threadlocal="true"/>
   <action assettype="Create" batch="false" datasource="ds_countUserWorkgroup"
           desc="This action releases thread specific cursors or resultsets. This is safe to use in a multi threaded processing scenario as the impact is limited to calling thread."
           exposed="false"
           methodname="runCmd"
           name="ds_countUserWorkgroup.Refresh"
           public="false"
           responsetype="TEXT"
           type="RefreshDS"/>
   <action assettype="Create" batch="false" desc="Sets value of field LogMessage"
           exposed="false"
           field="LogMessage"
           methodname="runCmd"
           name="LogMessage ="
           public="false"
           responsetype="TEXT"
           type="Setter">
      <param datatype="STRING" help="Value of the field LogMessage"/>
   </action>
   <action assettype="Create" batch="false" desc="Sets value of field PartitionId"
           exposed="false"
           field="PartitionId"
           methodname="runCmd"
           name="PartitionId ="
           public="false"
           responsetype="TEXT"
           type="Setter">
      <param datatype="STRING" help="Value of the field PartitionId"/>
   </action>
   <function assettype="Create" authtype="BASIC" batch="false" bearer="" desc=""
             downloadloc=""
             exposed="false"
             isdownload="false"
             method="POST"
             methodname="runCmd"
             name="logout"
             proxyenabled="false"
             public="false"
             rawbody="false"
             rawdata=""
             rawmediatype="TEXT"
             readtimeout="600"
             responsetype="TEXT"
             returntype="STRING"
             type="RestService"
             url="[SERVER_PROTOCOL]://[SERVER_IP]:[SERVER_PORT]/RuleServer/services/logout"
             username="admin"
             writetimeout="600">
      <password algo="md5" password="9XbAvo1RKEk=" usepwdman="false"/>
   </function>
   <connector assettype="Create" batch="false" childfirst="false"
              classloc="C:\Users\kriti_LMS/PAREExportBundles/Workgroup/lib/truebyllibrary.jar"
              classname="com.filelogger.FileLogger"
              conntype="CLASS"
              desc=""
              exposed="false"
              itype="Singleton"
              name="Connector_Logger"
              public="false"
              responsetype="TEXT"
              username="">
      <password algo="md5" password="" usepwdman="true"/>
   </connector>
   <datasource assettype="Create" batch="false" connector="partner_DB_Connector@dblink"
               desc=""
               dstype="QueryString"
               exposed="false"
               expression="SELECT USER_TYPE FROM CB_USER WHERE UPPER(TRIM(EMAILID)) = UPPER(TRIM(#bEmailId#))"
               fetchsize="16"
               name="ds_getUserType"
               public="false"
               responsetype="TEXT"
               volatile="true">
      <boundvar exp="[EmailId]" name="bEmailId" type="VARCHAR"/>
      <reference name="EmailId"/>
   </datasource>
   <field assettype="Create" batch="false" datasource="ds_getUserType" datatype="INTEGER"
          desc=""
          element="user_type"
          exposed="false"
          fieldtype="DATASRC"
          name="ds_getUserType.user_type"
          public="false"
          responsetype="TEXT"
          threadlocal="true"/>
   <field assettype="Create" batch="false" datatype="STRING" desc="" encrypted="false"
          exposed="false"
          fieldtype="USER"
          name="AuditParamVal"
          public="false"
          responsetype="TEXT"
          threadlocal="true"
          valuestr=""/>
   <function assettype="Read" batch="false"
             desc="API to retrieve workgroup(s) existing in the system"
             exposed="true"
             expression="[APIResponse]"
             methodname="runCmd"
             name="getSystemWorkgroup"
             public="false"
             responsetype="TEXT"
             returntype="STRING"
             type="Result">
      <action name="script_act_retrieveWorkgroups" params=""/>
      <reference name="APIResponse"/>
   </function>
   <action assettype="Create" batch="false" desc="Process the webhooks" exposed="false"
           methodname="runCmd"
           name="assignUserWorkgroupEvent"
           public="false"
           responsetype="TEXT"
           result="[assignUserWorkgroupEventInfo]"
           type="Event">
      <param datatype="STRING" help="assignUserWorkgroupEventInfo"/>
   </action>
   <field assettype="Create" batch="false" datatype="STRING" desc="" encrypted="false"
          exposed="false"
          fieldtype="USER"
          name="ModByAudit"
          public="false"
          responsetype="TEXT"
          threadlocal="true"
          valuestr=""/>
   <field assettype="Create" batch="false" datatype="STRING" desc="" encrypted="false"
          exposed="false"
          fieldtype="USER"
          name="token"
          public="false"
          responsetype="TEXT"
          threadlocal="true"
          valuestr=""/>
   <field assettype="Create" batch="false" datatype="STRING" desc="" exposed="false"
          expression="[ModByAudit]|[AuditParamVal]"
          fieldtype="COMPOSED"
          name="composed_ModBy_AuditParamVal"
          public="false"
          responsetype="TEXT"
          threadlocal="true">
      <reference name="ModByAudit"/>
      <reference name="AuditParamVal"/>
   </field>
   <action assettype="Create" batch="false" classconnector="Connector_Logger"
           desc="Action writeLine2 of Class Connector_Logger"
           exposed="false"
           methodname="writeLine2"
           name="Connector_Logger.writeLine2"
           public="false"
           responsetype="TEXT"
           type="Custom">
      <param datatype="STRING" help="arg0"/>
      <param datatype="STRING" help="arg1"/>
      <param datatype="STRING" help="arg2"/>
   </action>
   <function assettype="Create" authtype="BEARER" batch="false" bearer="[token]" desc=""
             downloadloc=""
             exposed="false"
             isdownload="false"
             method="POST"
             methodname="runCmd"
             name="del_workgroup_permission"
             proxyenabled="false"
             public="false"
             rawbody="false"
             rawdata=""
             rawmediatype="TEXT"
             readtimeout="600"
             responsetype="TEXT"
             returntype="STRING"
             type="RestService"
             url="[SERVER_PROTOCOL]://[SERVER_IP]:[SERVER_PORT]/RuleServer/services/del_workgroup_permission"
             writetimeout="600">
      <param datatype="STRING" help="WorkgroupName"/>
      <param datatype="STRING" help="Engine"/>
      <body key="engine" value="[Engine]"/>
      <body key="workgroupname" value="[WorkgroupName]"/>
      <reference name="token"/>
   </function>
   <function assettype="Create" authtype="BEARER" batch="false" bearer="[token]" desc=""
             downloadloc=""
             exposed="false"
             isdownload="false"
             method="POST"
             methodname="runCmd"
             name="set_workgroup_permission"
             proxyenabled="false"
             public="false"
             rawbody="false"
             rawdata=""
             rawmediatype="TEXT"
             readtimeout="600"
             responsetype="TEXT"
             returntype="STRING"
             type="RestService"
             url="[SERVER_PROTOCOL]://[SERVER_IP]:[SERVER_PORT]/RuleServer/services/set_workgroup_permission"
             writetimeout="600">
      <param datatype="STRING" help="WorkgroupName"/>
      <param datatype="STRING" help="Engine"/>
      <param datatype="STRING" help="Permission"/>
      <body key="engine" value="[Engine]"/>
      <body key="permission" value="[Permission]"/>
      <body key="workgroupname" value="[WorkgroupName]"/>
      <reference name="token"/>
   </function>
   <action assettype="Create" batch="false" datasource="ds_getUserType"
           desc="This action releases thread specific cursors or resultsets. This is safe to use in a multi threaded processing scenario as the impact is limited to calling thread."
           exposed="false"
           methodname="runCmd"
           name="ds_getUserType.Refresh"
           public="false"
           responsetype="TEXT"
           type="RefreshDS"/>
   <action assettype="Create" batch="false" desc="Sets value of field token"
           exposed="false"
           field="token"
           methodname="runCmd"
           name="token ="
           public="false"
           responsetype="TEXT"
           type="Setter">
      <param datatype="STRING" help="Value of the field token"/>
   </action>
   <function assettype="Create" batch="false" desc="" exposed="false" methodname="runCmd"
             name="script_fnc_getToken"
             public="false"
             responsetype="TEXT"
             returntype="STRING"
             type="Script">
      <script scripttype="Javascript">str = contextHttpHeader.call("Authorization");
token = getToken.call(str,"Bearer",1);
token;</script>
      <reference name="getToken"/>
      <reference name="contextHttpHeader"/>
   </function>
   <action assettype="Create" batch="false" datasource="ds_countUserId"
           desc="This action releases thread specific cursors or resultsets. This is safe to use in a multi threaded processing scenario as the impact is limited to calling thread."
           exposed="false"
           methodname="runCmd"
           name="ds_countUserId.Refresh"
           public="false"
           responsetype="TEXT"
           type="RefreshDS"/>
   <function asset="generateLoginToken" assettype="Create" batch="false" callmethod="POST"
             desc=""
             engine="UserService"
             exposed="false"
             host="[SERVER_IP]"
             methodname="runCmd"
             name="al_UserService.generateLoginToken"
             port="[SERVER_PORT]"
             protocol="[SERVER_PROTOCOL]"
             public="false"
             publicapi="true"
             responsetype="TEXT"
             returntype="STRING"
             safctxobjname=""
             safctxobjvalue=""
             token=""
             type="ServerAsset">
      <param datatype="STRING" help="UserName"/>
      <param datatype="STRING" help="Password"/>
   </function>
   <field assettype="Create" batch="false" datatype="STRING" desc="" encrypted="false"
          exposed="false"
          fieldtype="USER"
          name="APIName"
          public="false"
          responsetype="TEXT"
          threadlocal="true"
          valuestr=""/>
   <action assettype="Create" batch="false" desc="" exposed="false" methodname="runCmd"
           name="script_act_retrievePareUser"
           public="false"
           responsetype="TEXT"
           type="Script">
      <param datatype="STRING" help="emailid"/>
      <script scripttype="Javascript">var logLevel = "Error:";
var APIName = "getUserWorkgroup()::script_act_retrievePareUser:";

var email = onNull.call(emailid, "").toString();
if(email.localeCompare("") == 0)
{
	v_LogMessage.set("EmailId is mandatory");
	Connector_Logger_writeLine2.call(v_EngineName.get(),logLevel+APIName+v_LogMessage.get(),PARTITION_ID);
	Connector_Logger_writeLine2.call(v_EngineName.get(),logLevel+APIName+getLastErrorStack.call(),PARTITION_ID);
	throw "&lt;&lt;&lt; "+ logLevel + v_LogMessage.get() +" &gt;&gt;&gt;";
}
v_EmailId.set(email);
ds_countUserId_Refresh.call();
if(v_ds_countUserId_count_user.get() == 0)
{
	v_LogMessage.set("Invalid emailId");
	Connector_Logger_writeLine2.call(v_EngineName.get(),logLevel+APIName+v_LogMessage.get(),PARTITION_ID);
	Connector_Logger_writeLine2.call(v_EngineName.get(),logLevel+APIName+getLastErrorStack.call(),PARTITION_ID);
	throw "&lt;&lt;&lt; "+ logLevel + v_LogMessage.get() +" &gt;&gt;&gt;";
}

ds_getPareUserId_Refresh.call();
var pare_user = v_ds_getPareUserId_server_userid.get();

var json = "";
try{
	json = al_AdminService_getPAREUser.call();
}
catch(e){
	v_LogMessage.set("Getting PARE User");
	Connector_Logger_writeLine2.call(v_EngineName.get(),logLevel+APIName+v_LogMessage.get(),PARTITION_ID);
	Connector_Logger_writeLine2.call(v_EngineName.get(),logLevel+APIName+getLastErrorStack.call(),PARTITION_ID);
	throw "&lt;&lt;&lt; "+ logLevel + v_LogMessage.get() +" &gt;&gt;&gt;";
}
var obj = "";
try{
	obj = JSON.parse(json);
}
catch(e){
	v_LogMessage.set("Parsing PARE User json");
	Connector_Logger_writeLine2.call(v_EngineName.get(),logLevel+APIName+v_LogMessage.get(),PARTITION_ID);
	Connector_Logger_writeLine2.call(v_EngineName.get(),logLevel+APIName+getLastErrorStack.call(),PARTITION_ID);
	throw "&lt;&lt;&lt; "+ logLevel + v_LogMessage.get() +" &gt;&gt;&gt;";
}
var output = "";
var workgroupName = "";
ds_getUserType_Refresh.call();
var userType = v_ds_getUserType_user_type.get();

for(var i = 0; i &lt; obj.length; i++)
{
	if(obj[i]["name"] == pare_user)
	{
		var workgroups = JSON.stringify(obj[i]["workGroups"]);
		var obj_2 = JSON.parse(workgroups);
		for(var j = 0; j &lt; obj_2.length; j++)
		{
		   workgroupName = obj_2[j]["workgroup"]["name"];
		   if(userType == 1)
		   {
		   	output = "{}}";
		   }
		   else
		   {
		   	var localPermissions = obj_2[j]["workgroup"]["localPermissions"];
		   	var str_lclpermission = JSON.stringify(localPermissions);
		   	var obj_3 = JSON.parse(str_lclpermission);
		   	for(var k = 0; k &lt; obj_3.length; k++)
		   	{
		   		var asset = JSON.stringify(obj_3[k]["asset"]);		   		
		   		var obj_4 = JSON.parse(asset);
		   		var engineName = JSON.stringify(obj_4.name);
		   		var permission = JSON.stringify(obj_3[k]["permission"]);
		   		output = output + "{\"EngineName\":" + engineName + ",\"Permission\":" + permission + "},"; 		   	
		   	}
		   }
		}
	}
}
var str = "{\""+workgroupName + "\":[" + output.substring(0,output.length-1) + "]}";
v_APIResponse.set(str);


</script>
      <reference name="ds_getPareUserId.Refresh"/>
      <reference name="Connector_Logger.writeLine2"/>
      <reference name="ds_getUserType.Refresh"/>
      <reference name="ds_countUserId.Refresh"/>
      <reference name="getLastErrorStack"/>
      <reference name="onNull"/>
      <reference name="al_AdminService.getPAREUser"/>
      <reference name="APIResponse"/>
      <reference name="EmailId"/>
      <reference name="EngineName"/>
      <reference name="LogMessage"/>
      <reference name="ds_getPareUserId.server_userid"/>
      <reference name="ds_countUserId.count_user"/>
      <reference name="ds_getUserType.user_type"/>
   </action>
   <function assettype="Read" batch="false"
             desc="API to retrieve workgroup(s) based on input email"
             exposed="true"
             expression="[APIResponse]"
             methodname="runCmd"
             name="getUserWorkgroup"
             public="false"
             responsetype="TEXT"
             returntype="STRING"
             type="Result">
      <param datatype="STRING" help="EmailId"/>
      <action name="script_act_retrievePareUser" params="[EmailId]"/>
      <reference name="EmailId"/>
      <reference name="APIResponse"/>
   </function>
   <field assettype="Create" batch="false" datatype="STRING" desc="" encrypted="false"
          exposed="false"
          fieldtype="USER"
          name="LogLevel"
          public="false"
          responsetype="TEXT"
          threadlocal="true"
          valuestr=""/>
   <action assettype="Create" batch="false" desc="Sets value of field APIName"
           exposed="false"
           field="APIName"
           methodname="runCmd"
           name="APIName ="
           public="false"
           responsetype="TEXT"
           type="Setter">
      <param datatype="STRING" help="Value of the field APIName"/>
   </action>
   <action assettype="Create" batch="false" desc="Sets value of field LogLevel"
           exposed="false"
           field="LogLevel"
           methodname="runCmd"
           name="LogLevel ="
           public="false"
           responsetype="TEXT"
           type="Setter">
      <param datatype="STRING" help="Value of the field LogLevel"/>
   </action>
   <action assettype="Create" batch="false" desc="" exposed="false" handleerror="true"
           methodname="runCmd"
           name="act_updateWorkgroup"
           public="false"
           responsetype="TEXT"
           type="OnError">
      <param datatype="STRING" help="workgroup"/>
      <normalaction name="partner_DB_Connector.DML"
                    params="UPDATE CB_USERINFO SET WORKGROUPS = '[workgroup]' WHERE UPPER(TRIM(USERID)) = UPPER(TRIM('[EmailId]'))"/>
      <erroraction name="LogLevel =" params="Error:"/>
      <erroraction name="APIName =" params="assignUserWorkgroup()::act_updateWorkgroup:"/>
      <erroraction name="LogMessage =" params="Updating workgroup in CB_USERINFO table"/>
      <erroraction name="nullout"
                   params="{Connector_Logger.writeLine2([EngineName],[LogLevel][APIName][LogMessage],[PARTITION_ID])}"/>
      <erroraction name="nullout"
                   params="{Connector_Logger.writeLine2([EngineName],[LogLevel][APIName]{Builtin.getLastErrorStack()},[PARTITION_ID])}"/>
      <erroraction name="exception" params="&lt;&lt;&lt;[LogLevel][LogMessage]&gt;&gt;&gt;"/>
      <reference name="EmailId"/>
      <reference name="Connector_Logger.writeLine2"/>
      <reference name="EngineName"/>
      <reference name="LogLevel"/>
      <reference name="APIName"/>
      <reference name="LogMessage"/>
      <reference name="getLastErrorStack"/>
   </action>
   <action assettype="Create" batch="false" desc="" exposed="false" methodname="runCmd"
           name="script_act_setUserWorkgroups"
           public="false"
           responsetype="TEXT"
           type="Script">
      <param datatype="STRING" help="email"/>
      <param datatype="STRING" help="workgroup"/>
      <script scripttype="Javascript">var logLevel = "Error:";
var APIName = "assignUserWorkgroup()::script_act_setUserWorkgroups:";

var emailId = onNull.call(email, "").toString();
var workGroup = workgroup;
if(emailId.localeCompare("") == 0)
{
	v_LogMessage.set("EmailId is mandatory");
	Connector_Logger_writeLine2.call(v_EngineName.get(),logLevel+APIName+v_LogMessage.get(),PARTITION_ID);
	Connector_Logger_writeLine2.call(v_EngineName.get(),logLevel+APIName+getLastErrorStack.call(),PARTITION_ID);
	throw "&lt;&lt;&lt; "+ logLevel + v_LogMessage.get() +" &gt;&gt;&gt;";
}
v_EmailId.set(emailId);
ds_countUserId_Refresh.call();
if(v_ds_countUserId_count_user.get() == 0)
{
	v_LogMessage.set("Invalid emailId");
	Connector_Logger_writeLine2.call(v_EngineName.get(),logLevel+APIName+v_LogMessage.get(),PARTITION_ID);
	Connector_Logger_writeLine2.call(v_EngineName.get(),logLevel+APIName+getLastErrorStack.call(),PARTITION_ID);
	throw "&lt;&lt;&lt; "+ logLevel + v_LogMessage.get() +" &gt;&gt;&gt;";
}

ds_getPareUserId_Refresh.call();
var pare_user = v_ds_getPareUserId_server_userid.get();

if(workGroup == null || workGroup == "")
{
	v_LogMessage.set("WorkGroup is Mandatory input");
	Connector_Logger_writeLine2.call(v_EngineName.get(),logLevel+APIName+v_LogMessage.get(),PARTITION_ID);
	Connector_Logger_writeLine2.call(v_EngineName.get(),logLevel+APIName+getLastErrorStack.call(),PARTITION_ID);
	throw "&lt;&lt;&lt; "+ logLevel + v_LogMessage.get() +" &gt;&gt;&gt;";
}
else
{
	var json = getUserWorkgroup.call(emailId);
	var obj = JSON.parse(json);
	var wrkgrpName = Object.keys(obj);
	var obj_1 = JSON.parse(JSON.stringify(obj[wrkgrpName]));

	for(var i = 0; i &lt; obj_1.length; i++)
	{
		var engineName = obj_1[i]["EngineName"];
		try
		{
			del_workgroup_permission.call(wrkgrpName.toString(),engineName);
		}
		catch(err)
		{
			v_LogMessage.set("During removing workgroup");
			Connector_Logger_writeLine2.call(v_EngineName.get(),logLevel+APIName+v_LogMessage.get(),PARTITION_ID);
			Connector_Logger_writeLine2.call(v_EngineName.get(),logLevel+APIName+getLastErrorStack.call(),PARTITION_ID);
			throw "&lt;&lt;&lt; "+ logLevel + v_LogMessage.get() +" &gt;&gt;&gt;";
		}
	
	}

	var obj = JSON.parse(workGroup);
	var wrkgrpName = Object.keys(obj);
	var obj_1 = JSON.parse(JSON.stringify(obj[wrkgrpName]));
	
	for(var i = 0; i &lt; obj_1.length; i++)
	{
		var engineName = obj_1[i]["EngineName"];
		var permission = obj_1[i]["Permission"];
		var per = "";
		var obj_2 = JSON.parse(JSON.stringify(permission));
		var keys = Object.keys(obj_2);
		var arr_key = keys.toString().split(",");
		for(var k = 0; k &lt; arr_key.length; k++)
		{
			var key = arr_key[k];
			per = per + obj_2[key] + "|";
		}
		var p = per.substring(0,per.length - 1);
		try
		{
			set_workgroup_permission.call(wrkgrpName.toString(),engineName,p);
		}
		catch(err)
		{
			v_LogMessage.set("During setting workgroup permission");
			Connector_Logger_writeLine2.call(v_EngineName.get(),logLevel+APIName+v_LogMessage.get(),PARTITION_ID);
			Connector_Logger_writeLine2.call(v_EngineName.get(),logLevel+APIName+getLastErrorStack.call(),PARTITION_ID);
			throw "&lt;&lt;&lt; "+ logLevel + v_LogMessage.get() +" &gt;&gt;&gt;";
		}
	}
	act_updateWorkgroup.call(removeextraspace.call(workGroup));
}


//Audit Trail
var activityParams = "{" + "\"email\":" + JSON.stringify(emailId) + ",\"workgroup\":" + workGroup + "}";
v_AuditParamVal.set(activityParams);



</script>
      <reference name="ds_getPareUserId.Refresh"/>
      <reference name="Connector_Logger.writeLine2"/>
      <reference name="ds_countUserId.Refresh"/>
      <reference name="act_updateWorkgroup"/>
      <reference name="removeextraspace"/>
      <reference name="getLastErrorStack"/>
      <reference name="onNull"/>
      <reference name="del_workgroup_permission"/>
      <reference name="set_workgroup_permission"/>
      <reference name="getUserWorkgroup"/>
      <reference name="EmailId"/>
      <reference name="EngineName"/>
      <reference name="LogMessage"/>
      <reference name="ds_getPareUserId.server_userid"/>
      <reference name="ds_countUserId.count_user"/>
      <reference name="AuditParamVal"/>
   </action>
   <field assettype="Create" batch="false" datatype="STRING" desc="" encrypted="false"
          exposed="false"
          fieldtype="USER"
          name="MasterToken"
          public="false"
          responsetype="TEXT"
          threadlocal="true"
          valuestr=""/>
   <function assettype="Create" batch="false" desc="" exposed="false" methodname="runCmd"
             name="script_fnc_getParamStoreFileDetails"
             public="false"
             responsetype="TEXT"
             returntype="STRING"
             type="Script">
      <param datatype="STRING" help="PropertyName"/>
      <param datatype="STRING" help="FileName"/>
      <script scripttype="Javascript">var paramStore = new com.ruleengine.settings.ParamsStore(FileName,true);
var property = paramStore.getParams(com.ruleengine.manager.RuleManager.DEF_PART);
var propertyVal = property.getProperty(PropertyName);
propertyVal;</script>
   </function>
   <field assettype="Create" batch="false" datatype="STRING" desc="" encrypted="false"
          exposed="false"
          fieldtype="USER"
          name="ParamStore_FileName"
          public="false"
          responsetype="TEXT"
          threadlocal="false"
          valuestr="billingcore"/>
   <field assettype="Create" batch="false" datatype="STRING" desc="" encrypted="false"
          exposed="false"
          fieldtype="USER"
          name="Property_AdminUser"
          public="false"
          responsetype="TEXT"
          threadlocal="false"
          valuestr="ADMIN_USERID"/>
   <field assettype="Create" batch="false" datatype="STRING" desc="" encrypted="false"
          exposed="false"
          fieldtype="USER"
          name="Property_AdminPassword"
          public="false"
          responsetype="TEXT"
          threadlocal="false"
          valuestr="ADMIN_PASSWORD"/>
   <function assettype="Create" authtype="BEARER" batch="false" bearer="[MasterToken]"
             desc=""
             downloadloc=""
             exposed="false"
             isdownload="false"
             method="GET"
             methodname="runCmd"
             name="rc_User.getUserIdForModBy"
             proxyenabled="false"
             public="false"
             rawbody="false"
             rawdata=""
             rawmediatype="TEXT"
             readtimeout="600"
             responsetype="TEXT"
             returntype="STRING"
             type="RestService"
             url="[SERVER_PROTOCOL]://[SERVER_IP]:[SERVER_PORT]/RuleServer/services/User/assets/getUserIdForModBy?UserId=[UserId]"
             writetimeout="600">
      <param datatype="STRING" help="UserId"/>
      <reference name="MasterToken"/>
   </function>
   <action assettype="Create" batch="false" desc="" exposed="false" methodname="runCmd"
           name="script_act_setModByAudit"
           public="false"
           responsetype="TEXT"
           type="Script">
      <param datatype="STRING" help="modBy"/>
      <script scripttype="Javascript">var apiName = "Workgroup::script_act_setModByAudit:";
var logMsg = "";
var logLevel = "Error: ";
var adminUsername = "";
var adminPassword = "";


try{
	adminUsername = script_fnc_getParamStoreFileDetails.call(v_Property_AdminUser.get(),v_ParamStore_FileName.get());
	adminPassword = script_fnc_getParamStoreFileDetails.call(v_Property_AdminPassword.get(),v_ParamStore_FileName.get());
}
catch(e){
	logMsg = "Reading param store file::";
	Connector_Logger_writeLine2.call(v_EngineName.get(),logLevel+apiName+logMsg,PARTITION_ID);
	Connector_Logger_writeLine2.call(v_EngineName.get(),logLevel+apiName+getLastErrorStack.call(),PARTITION_ID);
	throw "&lt;&lt;&lt; "+ logLevel + logMsg +" &gt;&gt;&gt;";
}

try{
	v_MasterToken.set(al_UserService_generateLoginToken.call(adminUsername,decrypt.call(adminPassword)));
}
catch(e){
	logMsg = "Generating master token::";
	Connector_Logger_writeLine2.call(v_EngineName.get(),logLevel+apiName+logMsg,PARTITION_ID);
	Connector_Logger_writeLine2.call(v_EngineName.get(),logLevel+apiName+getLastErrorStack.call(),PARTITION_ID);
	throw "&lt;&lt;&lt; "+ logLevel + logMsg +" &gt;&gt;&gt;";
}

var userId = rc_User_getUserIdForModBy.call(contextUsername.call());
v_ModByAudit.set(userId);</script>
      <reference name="Connector_Logger.writeLine2"/>
      <reference name="getLastErrorStack"/>
      <reference name="decrypt"/>
      <reference name="contextUsername"/>
      <reference name="al_UserService.generateLoginToken"/>
      <reference name="script_fnc_getParamStoreFileDetails"/>
      <reference name="rc_User.getUserIdForModBy"/>
      <reference name="EngineName"/>
      <reference name="ModByAudit"/>
      <reference name="MasterToken"/>
      <reference name="ParamStore_FileName"/>
      <reference name="Property_AdminUser"/>
      <reference name="Property_AdminPassword"/>
   </action>
   <action assettype="Update" batch="false" breakonsuccess="false"
           desc="API to assign workgroup(s) to a user based on input email"
           exposed="true"
           methodname="runCmd"
           name="assignUserWorkgroup"
           public="false"
           responsetype="TEXT"
           serialized="false"
           threadmode="false"
           type="Sequence">
      <param datatype="STRING" help="EmailId"/>
      <param datatype="STRING" help="Workgroup"/>
      <param datatype="STRING" help="ModBy"/>
      <subscriber action="token =" params="{script_fnc_getToken()}"/>
      <subscriber action="script_act_setUserWorkgroups" params="[EmailId],[Workgroup]"/>
      <subscriber action="script_act_setModByAudit" params="[ModBy]"/>
      <subscriber action="assignUserWorkgroupEvent" params="[composed_ModBy_AuditParamVal]"/>
      <reference name="script_fnc_getToken"/>
      <reference name="EmailId"/>
      <reference name="composed_ModBy_AuditParamVal"/>
   </action>
</rulesconfig>