<?xml version="1.0" encoding="UTF-8"?>
<rulesconfig version="4.2.1_2">
   <jardir>C:\Users\abhra</jardir>
   <jarname>output</jarname>
   <bundle_version>1339</bundle_version>
   <serviceport>8080</serviceport>
   <nativeevaluator>false</nativeevaluator>
   <onload/>
   <connector assettype="Create" batch="false" childfirst="false"
              classloc="C:\Users\abhra/PAREExportBundles/docgen/lib/docgen.jar"
              classname="report.docgen.DocgenLib"
              conntype="CLASS"
              desc=""
              exposed="false"
              itype="Singleton"
              name="dglib"
              public="false"
              responsetype="TEXT"
              username="">
      <password algo="md5" password="" usepwdman="true"/>
   </connector>
   <function assettype="Read" batch="false" classconnector="dglib"
             desc="Function getImportedList of Class dglib"
             exposed="true"
             methodname="getImportedList"
             name="dglib.getImportedList"
             public="false"
             responsetype="JSON"
             returntype="STRING"
             type="Custom"/>
   <function assettype="Create" batch="false" classconnector="dglib"
             desc="Function generatePDF of Class dglib"
             exposed="true"
             methodname="generatePDF"
             name="dglib.generatePDF"
             public="false"
             responsetype="TEXT"
             returntype="INTEGER"
             type="Custom">
      <param datatype="STRING" help="pdfFilePath"/>
      <param datatype="STRING" help="reportName"/>
      <param datatype="STRING" help="reportParam"/>
   </function>
   <function assettype="Read" batch="false" classconnector="dglib"
             desc="Function getRepositoryRoot of Class dglib"
             exposed="true"
             methodname="getRepositoryRoot"
             name="dglib.getRepositoryRoot"
             public="false"
             responsetype="TEXT"
             returntype="STRING"
             type="Custom"/>
   <function assettype="Read" batch="false" classconnector="dglib"
             desc="Function getTemplateConnectorXml of Class dglib"
             exposed="true"
             methodname="getTemplateConnectorXml"
             name="dglib.getTemplateConnectorXml"
             public="false"
             responsetype="XML"
             returntype="STRING"
             type="Custom">
      <param datatype="STRING" help="connectorName"/>
   </function>
   <function assettype="Read" batch="false" classconnector="dglib"
             desc="Function getConnectorNames of Class dglib"
             exposed="true"
             methodname="getConnectorNames"
             name="dglib.getConnectorNames"
             public="false"
             responsetype="JSON"
             returntype="STRING"
             type="Custom"/>
   <action assettype="Delete" batch="false" classconnector="dglib"
           desc="Action deleteReport of Class dglib"
           exposed="true"
           methodname="deleteReport"
           name="dglib.deleteReport"
           public="false"
           responsetype="TEXT"
           type="Custom">
      <param datatype="STRING" help="reportName"/>
   </action>
   <action assettype="Create" batch="false" classconnector="dglib"
           desc="Action convertPdfToPS of Class dglib"
           exposed="true"
           methodname="convertPdfToPS"
           name="dglib.convertPdfToPS"
           public="false"
           responsetype="TEXT"
           type="Custom">
      <param datatype="STRING" help="mergePdfFilePath"/>
   </action>
   <action assettype="Create" batch="false" classconnector="dglib"
           desc="Action generatePS of Class dglib"
           exposed="true"
           methodname="generatePS"
           name="dglib.generatePS"
           public="false"
           responsetype="TEXT"
           type="Custom">
      <param datatype="STRING" help="mergePdfFilePath"/>
      <param datatype="STRING" help="targetPSPath"/>
   </action>
   <action assettype="Create" batch="false" classconnector="dglib"
           desc="Action createIndex of Class dglib"
           exposed="true"
           methodname="createIndex"
           name="dglib.createIndex"
           public="false"
           responsetype="TEXT"
           type="Custom">
      <param datatype="STRING" help="indexFilePath"/>
      <param datatype="STRING" help="indexFileContent"/>
   </action>
   <action assettype="Create" batch="false" classconnector="dglib"
           desc="Action mergePDF of Class dglib"
           exposed="true"
           methodname="mergePDF"
           name="dglib.mergePDF"
           public="false"
           responsetype="TEXT"
           type="Custom">
      <param datatype="STRING" help="sourcePDFFilePath"/>
      <param datatype="STRING" help="targetPDFFilePath"/>
   </action>
   <action assettype="Update" batch="false" classconnector="dglib"
           desc="Action setRepositoryRoot of Class dglib"
           exposed="true"
           methodname="setRepositoryRoot"
           name="dglib.setRepositoryRoot"
           public="false"
           responsetype="TEXT"
           type="Custom">
      <param datatype="STRING" help="path"/>
   </action>
   <action assettype="Create" batch="false" classconnector="dglib"
           desc="Action addTemplateConnector of Class dglib"
           exposed="true"
           methodname="addTemplateConnector"
           name="dglib.addTemplateConnector"
           public="false"
           responsetype="TEXT"
           type="Custom">
      <param datatype="STRING" help="connectorName"/>
   </action>
   <action assettype="Update" batch="false" classconnector="dglib"
           desc="Action setTemplateConnector of Class dglib"
           exposed="true"
           methodname="setTemplateConnector"
           name="dglib.setTemplateConnector"
           public="false"
           responsetype="TEXT"
           type="Custom">
      <param datatype="STRING" help="connectorName"/>
      <param datatype="STRING" help="xml"/>
   </action>
   <action assettype="Update" batch="false" classconnector="dglib"
           desc="Action setTemplateConnectorMapping of Class dglib"
           exposed="true"
           methodname="setTemplateConnectorMapping"
           name="dglib.setTemplateConnectorMapping"
           public="false"
           responsetype="TEXT"
           type="Custom">
      <param datatype="STRING" help="reportName"/>
      <param datatype="STRING" help="connectorName"/>
   </action>
   <action assettype="Delete" batch="false" classconnector="dglib"
           desc="Action removeTemplateConnector of Class dglib"
           exposed="true"
           methodname="removeTemplateConnector"
           name="dglib.removeTemplateConnector"
           public="false"
           responsetype="TEXT"
           type="Custom">
      <param datatype="STRING" help="connectorName"/>
   </action>
   <action assettype="Create" batch="false" classconnector="dglib"
           desc="Action extractAndParse of Class dglib"
           exposed="true"
           methodname="extractAndParse"
           name="dglib.extractAndParse"
           public="false"
           responsetype="TEXT"
           type="Custom">
      <param datatype="STRING" help="reportName"/>
   </action>
   <action assettype="Create" batch="false" breakonsuccess="false" desc="" exposed="true"
           methodname="runCmd"
           name="deploy_template"
           public="false"
           responsetype="TEXT"
           serialized="false"
           threadmode="false"
           type="Sequence">
      <param datatype="STRING" help="templateName"/>
      <param datatype="STRING" help="templateContent"/>
      <subscriber action="base64ToFile"
                  params="[templateContent], {dglib.getRepositoryRoot()}/import/[templateName].zip"/>
      <subscriber action="dglib.extractAndParse" params="[templateName]"/>
      <reference name="dglib.getRepositoryRoot"/>
   </action>
   <action assettype="Create" batch="false" classconnector="dglib"
           desc="Action exportZip of Class dglib"
           exposed="true"
           methodname="exportZip"
           name="dglib.exportZip"
           public="false"
           responsetype="TEXT"
           type="Custom">
      <param datatype="STRING" help="reportName"/>
   </action>
   <function assettype="Read" batch="false" desc="" exposed="true"
             expression="{Builtin.fileToBase64({dglib.getRepositoryRoot()}/import/[templateName].zip)}"
             methodname="runCmd"
             name="getTemplateBase64"
             public="false"
             responsetype="TEXT"
             returntype="STRING"
             type="Result">
      <param datatype="STRING" help="templateName"/>
      <action name="dglib.exportZip" params="[templateName]"/>
      <reference name="fileToBase64"/>
      <reference name="dglib.getRepositoryRoot"/>
   </function>
   <function assettype="Read" batch="false" desc="" exposed="true"
             expression="{Builtin.fileToBase64(remote.pdf)}"
             methodname="runCmd"
             name="getTemplatePdfBase64"
             public="false"
             responsetype="TEXT"
             returntype="STRING"
             type="Result">
      <param datatype="STRING" help="templateName"/>
      <param datatype="STRING" help="DOC_NO"/>
      <action name="nullout"
              params="{dglib.generatePDF(remote.pdf, [templateName], [DOC_NO])}"/>
      <reference name="dglib.generatePDF"/>
      <reference name="fileToBase64"/>
   </function>
   <action assettype="Delete" batch="false" classconnector="dglib"
           desc="Action removeTemplateConnectorMapping of Class dglib"
           exposed="true"
           methodname="removeTemplateConnectorMapping"
           name="dglib.removeTemplateConnectorMapping"
           public="false"
           responsetype="TEXT"
           type="Custom">
      <param datatype="STRING" help="reportName"/>
   </action>
   <action assettype="Update" batch="false" classconnector="dglib"
           desc="Action resetTemplateConnector of Class dglib"
           exposed="true"
           methodname="resetTemplateConnector"
           name="dglib.resetTemplateConnector"
           public="false"
           responsetype="TEXT"
           type="Custom">
      <param datatype="STRING" help="connectorName"/>
   </action>
   <function assettype="Read" batch="false" classconnector="dglib"
             desc="Function getTemplateConnectorName of Class dglib"
             exposed="true"
             methodname="getTemplateConnectorName"
             name="dglib.getTemplateConnectorName"
             public="false"
             responsetype="TEXT"
             returntype="STRING"
             type="Custom">
      <param datatype="STRING" help="reportName"/>
   </function>
   <function assettype="Read" batch="false" classconnector="dglib"
             desc="Function getTemplateConnectorMapping of Class dglib"
             exposed="true"
             methodname="getTemplateConnectorMapping"
             name="dglib.getTemplateConnectorMapping"
             public="false"
             responsetype="JSON"
             returntype="STRING"
             type="Custom"/>
   <connector assettype="Create" batch="false" classlocation="[local_oracle_driver_path]"
              conntype="DB"
              dbtype="ORACLE"
              desc=""
              driverclassname="oracle.jdbc.OracleDriver"
              exposed="false"
              initialpoolsize="1"
              maxpoolsize="-1"
              name="testconn"
              public="false"
              responsetype="TEXT"
              url="jdbc:oracle:thin:@172.16.210.23:1522:LAT12C"
              usemaxpoolsize="false"
              username="unicorn"
              xadsclassname="oracle.jdbc.xa.client.OracleXADataSource">
      <password algo="md5" password="iQEnhvqvnCM=" usepwdman="false"/>
   </connector>
   <function assettype="Create" batch="false" classconnector="dglib"
             desc="Function generateHTML of Class dglib"
             exposed="true"
             methodname="generateHTML"
             name="dglib.generateHTML"
             public="false"
             responsetype="TEXT"
             returntype="INTEGER"
             type="Custom">
      <param datatype="STRING" help="htmlFilePath"/>
      <param datatype="STRING" help="reportName"/>
      <param datatype="STRING" help="reportParam"/>
   </function>
   <function assettype="Read" batch="false" desc="" exposed="true"
             expression="{Builtin.fileToBase64(remote.html)}"
             methodname="runCmd"
             name="getTemplateHtmlBase64"
             public="false"
             responsetype="TEXT"
             returntype="STRING"
             type="Result">
      <param datatype="STRING" help="templateName"/>
      <param datatype="STRING" help="DOC_NO"/>
      <action name="nullout"
              params="{dglib.generateHTML(remote.html, [templateName], [DOC_NO])}"/>
      <reference name="dglib.generateHTML"/>
      <reference name="fileToBase64"/>
   </function>
   <action assettype="Update" batch="false" classconnector="dglib"
           desc="Action setTemplateVersion of Class dglib"
           exposed="true"
           methodname="setTemplateVersion"
           name="dglib.setTemplateVersion"
           public="false"
           responsetype="TEXT"
           type="Custom">
      <param datatype="STRING" help="reportName"/>
      <param datatype="INTEGER" help="version"/>
   </action>
   <action assettype="Delete" batch="false" classconnector="dglib"
           desc="Action removeTemplateVersionMapping of Class dglib"
           exposed="true"
           methodname="removeTemplateVersionMapping"
           name="dglib.removeTemplateVersionMapping"
           public="false"
           responsetype="TEXT"
           type="Custom">
      <param datatype="STRING" help="reportName"/>
   </action>
   <function assettype="Read" batch="false" classconnector="dglib"
             desc="Function getTemplateVersion of Class dglib"
             exposed="true"
             methodname="getTemplateVersion"
             name="dglib.getTemplateVersion"
             public="false"
             responsetype="TEXT"
             returntype="INTEGER"
             type="Custom">
      <param datatype="STRING" help="reportName"/>
   </function>
   <function assettype="Read" batch="false" classconnector="dglib"
             desc="Function getTemplateVersionMapping of Class dglib"
             exposed="true"
             methodname="getTemplateVersionMapping"
             name="dglib.getTemplateVersionMapping"
             public="false"
             responsetype="JSON"
             returntype="STRING"
             type="Custom"/>
   <function assettype="Read" batch="false" classconnector="dglib"
             desc="Function isEmbedImageHtml of Class dglib"
             exposed="true"
             methodname="isEmbedImageHtml"
             name="dglib.isEmbedImageHtml"
             public="false"
             responsetype="TEXT"
             returntype="BOOLEAN"
             type="Custom"/>
   <action assettype="Update" batch="false" classconnector="dglib"
           desc="Action setEmbedImageHtml of Class dglib"
           exposed="true"
           methodname="setEmbedImageHtml"
           name="dglib.setEmbedImageHtml"
           public="false"
           responsetype="TEXT"
           type="Custom">
      <param datatype="BOOLEAN" help="embedImageHtml"/>
   </action>
   <function assettype="Create" batch="false" classconnector="dglib"
             desc="Function generateHTML_V2 of Class dglib"
             exposed="true"
             methodname="generateHTML_V2"
             name="dglib.generateHTML_V2"
             public="false"
             responsetype="TEXT"
             returntype="INTEGER"
             type="Custom">
      <param datatype="STRING" help="htmlFilePath"/>
      <param datatype="STRING" help="reportName"/>
      <param datatype="STRING" help="reportParamsJson"/>
   </function>
   <function assettype="Create" batch="false" classconnector="dglib"
             desc="Function generatePDF_V2 of Class dglib"
             exposed="true"
             methodname="generatePDF_V2"
             name="dglib.generatePDF_V2"
             public="false"
             responsetype="TEXT"
             returntype="INTEGER"
             type="Custom">
      <param datatype="STRING" help="pdfFilePath"/>
      <param datatype="STRING" help="reportName"/>
      <param datatype="STRING" help="reportParamsJson"/>
   </function>
   <function assettype="Read" batch="false" desc="" exposed="true"
             expression="{Builtin.fileToBase64(remote.pdf)}"
             methodname="runCmd"
             name="getTemplatePdfBase64_V2"
             public="false"
             responsetype="TEXT"
             returntype="STRING"
             type="Result">
      <param datatype="STRING" help="templateName"/>
      <param datatype="STRING" help="reportParamsJson"/>
      <action name="nullout"
              params="{dglib.generatePDF_V2(remote.pdf, [templateName], [reportParamsJson])}"/>
      <reference name="dglib.generatePDF_V2"/>
      <reference name="fileToBase64"/>
   </function>
   <function assettype="Read" batch="false" desc="" exposed="true"
             expression="{Builtin.fileToBase64(remote.html)}"
             methodname="runCmd"
             name="getTemplateHtmlBase64_V2"
             public="false"
             responsetype="TEXT"
             returntype="STRING"
             type="Result">
      <param datatype="STRING" help="templateName"/>
      <param datatype="STRING" help="reportParamsJson"/>
      <action name="nullout"
              params="{dglib.generateHTML_V2(remote.html, [templateName], [reportParamsJson])}"/>
      <reference name="dglib.generateHTML_V2"/>
      <reference name="fileToBase64"/>
   </function>
   <function assettype="Read" batch="false" classconnector="dglib"
             desc="Function getParametersJson of Class dglib"
             exposed="true"
             methodname="getParametersJson"
             name="dglib.getParametersJson"
             public="false"
             responsetype="JSON"
             returntype="STRING"
             type="Custom">
      <param datatype="STRING" help="reportName"/>
   </function>
   <function assettype="Create" batch="false" classconnector="dglib"
             desc="Function generateXLS of Class dglib"
             exposed="true"
             methodname="generateXLS"
             name="dglib.generateXLS"
             public="false"
             responsetype="TEXT"
             returntype="INTEGER"
             type="Custom">
      <param datatype="STRING" help="xlsFilePath"/>
      <param datatype="STRING" help="reportName"/>
      <param datatype="STRING" help="reportParam"/>
   </function>
   <function assettype="Create" batch="false" classconnector="dglib"
             desc="Function generateXLSX of Class dglib"
             exposed="true"
             methodname="generateXLSX"
             name="dglib.generateXLSX"
             public="false"
             responsetype="TEXT"
             returntype="INTEGER"
             type="Custom">
      <param datatype="STRING" help="xlsxFilePath"/>
      <param datatype="STRING" help="reportName"/>
      <param datatype="STRING" help="reportParam"/>
   </function>
   <function assettype="Create" batch="false" classconnector="dglib"
             desc="Function generateCSV of Class dglib"
             exposed="true"
             methodname="generateCSV"
             name="dglib.generateCSV"
             public="false"
             responsetype="TEXT"
             returntype="INTEGER"
             type="Custom">
      <param datatype="STRING" help="csvFilePath"/>
      <param datatype="STRING" help="reportName"/>
      <param datatype="STRING" help="reportParam"/>
   </function>
   <function assettype="Create" batch="false" classconnector="dglib"
             desc="Function generateXLS_V2 of Class dglib"
             exposed="true"
             methodname="generateXLS_V2"
             name="dglib.generateXLS_V2"
             public="false"
             responsetype="TEXT"
             returntype="INTEGER"
             type="Custom">
      <param datatype="STRING" help="xlsFilePath"/>
      <param datatype="STRING" help="reportName"/>
      <param datatype="STRING" help="reportParamsJson"/>
   </function>
   <function assettype="Create" batch="false" classconnector="dglib"
             desc="Function generateXLSX_V2 of Class dglib"
             exposed="true"
             methodname="generateXLSX_V2"
             name="dglib.generateXLSX_V2"
             public="false"
             responsetype="TEXT"
             returntype="INTEGER"
             type="Custom">
      <param datatype="STRING" help="xlsxFilePath"/>
      <param datatype="STRING" help="reportName"/>
      <param datatype="STRING" help="reportParamsJson"/>
   </function>
   <function assettype="Create" batch="false" classconnector="dglib"
             desc="Function generateCSV_V2 of Class dglib"
             exposed="true"
             methodname="generateCSV_V2"
             name="dglib.generateCSV_V2"
             public="false"
             responsetype="TEXT"
             returntype="INTEGER"
             type="Custom">
      <param datatype="STRING" help="csvFilePath"/>
      <param datatype="STRING" help="reportName"/>
      <param datatype="STRING" help="reportParamsJson"/>
   </function>
   <function assettype="Read" batch="false" desc="" exposed="true"
             expression="{Builtin.fileToBase64(remote.xls)}"
             methodname="runCmd"
             name="getTemplateXlsBase64"
             public="false"
             responsetype="TEXT"
             returntype="STRING"
             type="Result">
      <param datatype="STRING" help="templateName"/>
      <param datatype="STRING" help="DOC_NO"/>
      <action name="nullout"
              params="{dglib.generateXLS(remote.xls, [templateName], [DOC_NO])}"/>
      <reference name="dglib.generateXLS"/>
      <reference name="fileToBase64"/>
   </function>
   <function assettype="Read" batch="false" desc="" exposed="true"
             expression="{Builtin.fileToBase64(remote.xlsx)}"
             methodname="runCmd"
             name="getTemplateXlsxBase64"
             public="false"
             responsetype="TEXT"
             returntype="STRING"
             type="Result">
      <param datatype="STRING" help="templateName"/>
      <param datatype="STRING" help="DOC_NO"/>
      <action name="nullout"
              params="{dglib.generateXLSX(remote.xlsx, [templateName], [DOC_NO])}"/>
      <reference name="dglib.generateXLSX"/>
      <reference name="fileToBase64"/>
   </function>
   <function assettype="Read" batch="false" desc="" exposed="true"
             expression="{Builtin.fileToBase64(remote.csv)}"
             methodname="runCmd"
             name="getTemplateCsvBase64"
             public="false"
             responsetype="TEXT"
             returntype="STRING"
             type="Result">
      <param datatype="STRING" help="templateName"/>
      <param datatype="STRING" help="DOC_NO"/>
      <action name="nullout"
              params="{dglib.generateCSV(remote.csv, [templateName], [DOC_NO])}"/>
      <reference name="dglib.generateCSV"/>
      <reference name="fileToBase64"/>
   </function>
   <function assettype="Read" batch="false" desc="" exposed="true"
             expression="{Builtin.fileToBase64(remote.xls)}"
             methodname="runCmd"
             name="getTemplateXlsBase64_V2"
             public="false"
             responsetype="TEXT"
             returntype="STRING"
             type="Result">
      <param datatype="STRING" help="templateName"/>
      <param datatype="STRING" help="reportParamsJson"/>
      <action name="nullout"
              params="{dglib.generateXLS_V2(remote.xls, [templateName], [reportParamsJson])}"/>
      <reference name="dglib.generateXLS_V2"/>
      <reference name="fileToBase64"/>
   </function>
   <function assettype="Read" batch="false" desc="" exposed="true"
             expression="{Builtin.fileToBase64(remote.xlsx)}"
             methodname="runCmd"
             name="getTemplateXlsxBase64_V2"
             public="false"
             responsetype="TEXT"
             returntype="STRING"
             type="Result">
      <param datatype="STRING" help="templateName"/>
      <param datatype="STRING" help="reportParamsJson"/>
      <action name="nullout"
              params="{dglib.generateXLSX_V2(remote.xlsx, [templateName], [reportParamsJson])}"/>
      <reference name="dglib.generateXLSX_V2"/>
      <reference name="fileToBase64"/>
   </function>
   <function assettype="Read" batch="false" desc="" exposed="true"
             expression="{Builtin.fileToBase64(remote.csv)}"
             methodname="runCmd"
             name="getTemplateCsvBase64_V2"
             public="false"
             responsetype="TEXT"
             returntype="STRING"
             type="Result">
      <param datatype="STRING" help="templateName"/>
      <param datatype="STRING" help="reportParamsJson"/>
      <action name="nullout"
              params="{dglib.generateCSV_V2(remote.csv, [templateName], [reportParamsJson])}"/>
      <reference name="dglib.generateCSV_V2"/>
      <reference name="fileToBase64"/>
   </function>
</rulesconfig>