<?xml version="1.0" encoding="UTF-8"?>
<rulesconfig version="4.2.3.8">
   <jardir>C:\Users\kriti_LMS</jardir>
   <jarname>output</jarname>
   <bundle_version>1</bundle_version>
   <serviceport>8080</serviceport>
   <nativeevaluator>false</nativeevaluator>
   <onload/>
   <connector assettype="Create" batch="false" classlocation="[PostgreSQL_DRIVER_LOCATION]"
              connname="TRUEBYL"
              conntype="DBLINK"
              dbtype="POSTGRESQL"
              desc=""
              driverclassname="org.postgresql.Driver"
              engine="dbconnectionpool"
              exposed="false"
              initialpoolsize="1"
              maxpoolsize="-1"
              name="partner_DB_Connector@dblink"
              public="false"
              responsetype="TEXT"
              url="[PostgreSQL_CONNECTION_STRING]"
              usemaxpoolsize="false"
              username="[partner_DB_USERNAME]"
              xadsclassname="org.postgresql.xa.PGXADataSource">
      <password algo="md5" password="partner_DB_PASSWORD" usepwdman="true"/>
   </connector>
   <field assettype="Create" batch="false" datatype="STRING" desc="" encrypted="false"
          exposed="false"
          fieldtype="USER"
          name="UserId"
          public="false"
          responsetype="TEXT"
          threadlocal="true"
          valuestr=""/>
   <connector assettype="Create" batch="false" childfirst="false"
              classloc="C:\Users\kriti_LMS/PAREExportBundles/Utility/lib/truebyllibrary.jar"
              classname="com.filelogger.FileLogger"
              conntype="CLASS"
              desc=""
              exposed="false"
              itype="Singleton"
              name="Connector_Logger"
              public="false"
              responsetype="TEXT"
              username="">
      <password algo="md5" password="" usepwdman="true"/>
   </connector>
   <field assettype="Create" batch="false" datatype="STRING" desc="" encrypted="false"
          exposed="false"
          fieldtype="USER"
          name="DraftData"
          public="false"
          responsetype="TEXT"
          threadlocal="true"
          valuestr=""/>
   <field assettype="Create" batch="false" datatype="STRING" desc="" encrypted="false"
          exposed="false"
          fieldtype="USER"
          name="Type"
          public="false"
          responsetype="TEXT"
          threadlocal="true"
          valuestr=""/>
   <action assettype="Create" batch="false" connector="partner_DB_Connector@dblink"
           desc=""
           exposed="false"
           methodname="runCmd"
           name="pdml_InsertDraftData"
           public="false"
           querytype="INSERT"
           responsetype="TEXT"
           table="tb_draftdata"
           type="PDML">
      <param datatype="STRING" help="UserId"/>
      <param datatype="INTEGER" help="Type"/>
      <param datatype="STRING" help="DraftData"/>
      <col name="userid" ptype="STRING" stype="12" value="[UserId]"/>
      <col name="type" ptype="INTEGER" stype="4" value="[Type]"/>
      <col name="draftdata" ptype="STRING" stype="12" value="[DraftData]"/>
      <reference name="UserId"/>
      <reference name="Type"/>
      <reference name="DraftData"/>
   </action>
   <action assettype="Create" batch="false" classconnector="Connector_Logger"
           desc="Action writeLine2 of Class Connector_Logger"
           exposed="false"
           methodname="writeLine2"
           name="Connector_Logger.writeLine2"
           public="false"
           responsetype="TEXT"
           type="Custom">
      <param datatype="STRING" help="arg0"/>
      <param datatype="STRING" help="arg1"/>
      <param datatype="STRING" help="arg2"/>
   </action>
   <field assettype="Create" batch="false" datatype="INTEGER" desc="" encrypted="false"
          exposed="false"
          fieldtype="USER"
          name="types"
          public="false"
          responsetype="TEXT"
          threadlocal="true"
          valuestr="0"/>
   <datasource assettype="Create" batch="false" connector="partner_DB_Connector@dblink"
               desc=""
               dstype="QueryString"
               exposed="false"
               expression="select count(userid) from tb_draftdata where type=#btype# and userid =#buserid#"
               fetchsize="16"
               name="ds_countdraaftdata"
               public="false"
               responsetype="TEXT"
               volatile="true">
      <boundvar exp="[UserId]" name="buserid" type="VARCHAR"/>
      <boundvar exp="[types]" name="btype" type="INTEGER"/>
      <reference name="UserId"/>
      <reference name="types"/>
   </datasource>
   <field assettype="Create" batch="false" datasource="ds_countdraaftdata"
          datatype="LONG"
          desc=""
          element="count"
          exposed="false"
          fieldtype="DATASRC"
          name="ds_countdraaftdata.count"
          public="false"
          responsetype="TEXT"
          threadlocal="true"/>
   <datasource assettype="Create" batch="false" connector="partner_DB_Connector@dblink"
               desc=""
               dstype="QueryString"
               exposed="false"
               expression="select serialno,userid,type,draftdata from tb_draftdata where type=#btype# and userid =#buserid#"
               fetchsize="16"
               name="ds_getdraaftdata"
               public="false"
               responsetype="TEXT"
               volatile="true">
      <boundvar exp="[UserId]" name="buserid" type="VARCHAR"/>
      <boundvar exp="[types]" name="btype" type="INTEGER"/>
      <reference name="UserId"/>
      <reference name="types"/>
   </datasource>
   <field assettype="Create" batch="false" datasource="ds_getdraaftdata"
          datatype="STRING"
          desc=""
          element="userid"
          exposed="false"
          fieldtype="DATASRC"
          name="ds_getdraaftdata.userid"
          public="false"
          responsetype="TEXT"
          threadlocal="true"/>
   <field assettype="Create" batch="false" datatype="STRING" desc="" encrypted="false"
          exposed="false"
          fieldtype="USER"
          name="API_Response"
          public="false"
          responsetype="TEXT"
          threadlocal="true"
          valuestr=""/>
   <field assettype="Create" batch="false" datasource="ds_getdraaftdata"
          datatype="INTEGER"
          desc=""
          element="type"
          exposed="false"
          fieldtype="DATASRC"
          name="ds_getdraaftdata.type"
          public="false"
          responsetype="TEXT"
          threadlocal="true"/>
   <field assettype="Create" batch="false" datasource="ds_getdraaftdata"
          datatype="STRING"
          desc=""
          element="draftdata"
          exposed="false"
          fieldtype="DATASRC"
          name="ds_getdraaftdata.draftdata"
          public="false"
          responsetype="TEXT"
          threadlocal="true"/>
   <action assettype="Create" batch="false" connector="partner_DB_Connector@dblink"
           desc=""
           exposed="false"
           methodname="runCmd"
           name="pdml_UpdateDraftData"
           public="false"
           querytype="UPDATE"
           responsetype="TEXT"
           table="tb_draftdata"
           type="PDML">
      <param datatype="STRING" help="UserId"/>
      <param datatype="INTEGER" help="Type"/>
      <param datatype="STRING" help="DraftData"/>
      <col name="userid" ptype="STRING" stype="12" value="[UserId]"/>
      <col name="type" ptype="INTEGER" stype="4" value="[Type]"/>
      <col name="draftdata" ptype="STRING" stype="12" value="[DraftData]"/>
      <where cond="EQ" name="userid" ptype="STRING" stype="12" value="[UserId]"/>
      <where cond="EQ" name="type" ptype="INTEGER" stype="4" value="[Type]"/>
      <reference name="UserId"/>
      <reference name="Type"/>
      <reference name="DraftData"/>
   </action>
   <field assettype="Create" batch="false" datatype="STRING" desc="" encrypted="false"
          exposed="false"
          fieldtype="USER"
          name="LogMessage"
          public="false"
          responsetype="TEXT"
          threadlocal="true"
          valuestr=""/>
   <action assettype="Create" batch="false" desc="Sets value of field LogMessage"
           exposed="false"
           field="LogMessage"
           methodname="runCmd"
           name="LogMessage ="
           public="false"
           responsetype="TEXT"
           type="Setter">
      <param datatype="STRING" help="Value of the field LogMessage"/>
   </action>
   <field assettype="Create" batch="false" datatype="STRING" desc="" encrypted="false"
          exposed="false"
          fieldtype="USER"
          name="PartitionId"
          public="false"
          responsetype="TEXT"
          threadlocal="true"
          valuestr=""/>
   <field assettype="Create" batch="false" datatype="STRING" desc="" encrypted="false"
          exposed="false"
          fieldtype="USER"
          name="EngineName"
          public="false"
          responsetype="TEXT"
          threadlocal="false"
          valuestr="Utility"/>
   <action assettype="Create" batch="false" datasource="ds_getdraaftdata"
           desc="This action releases thread specific cursors or resultsets. This is safe to use in a multi threaded processing scenario as the impact is limited to calling thread."
           exposed="false"
           methodname="runCmd"
           name="ds_getdraaftdata.Refresh"
           public="false"
           responsetype="TEXT"
           type="RefreshDS"/>
   <action assettype="Create" batch="false" desc="" exposed="false" handleerror="true"
           methodname="runCmd"
           name="act_InsertDraftData"
           public="false"
           responsetype="TEXT"
           type="OnError">
      <param datatype="STRING" help="UserId"/>
      <param datatype="INTEGER" help="Type"/>
      <param datatype="STRING" help="DraftData"/>
      <normalaction name="pdml_InsertDraftData" params="[UserId],[Type],[DraftData]"/>
      <erroraction name="LogMessage =" params="Unable to insert"/>
      <erroraction name="sysout" params="Unable to insert"/>
      <erroraction name="nullout"
                   params="{Connector_Logger.writeLine2([EngineName],[LogLevel][APIName][LogMessage],[PartitionId])}"/>
      <erroraction name="nullout"
                   params="{Connector_Logger.writeLine2([EngineName],[LogLevel][APIName]{Builtin.getLastErrorStack()},[PartitionId])}"/>
      <reference name="UserId"/>
      <reference name="Type"/>
      <reference name="DraftData"/>
      <reference name="Connector_Logger.writeLine2"/>
      <reference name="EngineName"/>
      <reference name="LogMessage"/>
      <reference name="PartitionId"/>
      <reference name="getLastErrorStack"/>
   </action>
   <action assettype="Create" batch="false" datasource="ds_countdraaftdata"
           desc="This action releases thread specific cursors or resultsets. This is safe to use in a multi threaded processing scenario as the impact is limited to calling thread."
           exposed="false"
           methodname="runCmd"
           name="ds_countdraaftdata.Refresh"
           public="false"
           responsetype="TEXT"
           type="RefreshDS"/>
   <action assettype="Create" batch="false" desc="Sets value of field PartitionId"
           exposed="false"
           field="PartitionId"
           methodname="runCmd"
           name="PartitionId ="
           public="false"
           responsetype="TEXT"
           type="Setter">
      <param datatype="STRING" help="Value of the field PartitionId"/>
   </action>
   <action assettype="Create" batch="false" desc="" exposed="false" handleerror="true"
           methodname="runCmd"
           name="act_UpdatetDraftData"
           public="false"
           responsetype="TEXT"
           type="OnError">
      <param datatype="STRING" help="UserId"/>
      <param datatype="INTEGER" help="Type"/>
      <param datatype="STRING" help="DraftData"/>
      <normalaction name="pdml_UpdateDraftData" params="[UserId],[Type],[DraftData]"/>
      <erroraction name="LogMessage =" params="Unable to update"/>
      <erroraction name="sysout" params="Unable to insert"/>
      <erroraction name="nullout"
                   params="{Connector_Logger.writeLine2([EngineName],[LogLevel][APIName][LogMessage],[PartitionId])}"/>
      <erroraction name="nullout"
                   params="{Connector_Logger.writeLine2([EngineName],[LogLevel][APIName]{Builtin.getLastErrorStack()},[PartitionId])}"/>
      <reference name="UserId"/>
      <reference name="Type"/>
      <reference name="DraftData"/>
      <reference name="Connector_Logger.writeLine2"/>
      <reference name="EngineName"/>
      <reference name="LogMessage"/>
      <reference name="PartitionId"/>
      <reference name="getLastErrorStack"/>
   </action>
   <field assettype="Create" batch="false" datatype="STRING" desc="" encrypted="false"
          exposed="false"
          fieldtype="USER"
          name="PartnerToken"
          public="false"
          responsetype="TEXT"
          threadlocal="true"
          valuestr=""/>
   <action assettype="Create" batch="false" desc="Sets value of field PartnerToken"
           exposed="false"
           field="PartnerToken"
           methodname="runCmd"
           name="PartnerToken ="
           public="false"
           responsetype="TEXT"
           type="Setter">
      <param datatype="STRING" help="Value of the field PartnerToken"/>
   </action>
   <action assettype="Create" batch="false" breakonsuccess="false" desc="" exposed="false"
           methodname="runCmd"
           name="InsertDraftData"
           public="false"
           responsetype="TEXT"
           serialized="false"
           threadmode="false"
           type="Sequence">
      <param datatype="STRING" help="UserId"/>
      <param datatype="STRING" help="Type"/>
      <param datatype="STRING" help="DraftData"/>
      <subscriber action="PartitionId =" params="[PARTITION_ID]"/>
   </action>
   <action assettype="Create" batch="false" datasource="ds_countdraaftdata" desc=""
           exposed="false"
           methodname="runCmd"
           name="ds_countdraaftdata.RefreshStats"
           public="false"
           responsetype="TEXT"
           type="StatsRefresh"/>
   <action assettype="Create" batch="false" connector="partner_DB_Connector@dblink"
           desc="Execute the DML query as represented by the passed expression"
           exposed="false"
           methodname="executeDML"
           name="partner_DB_Connector@dblink.DML"
           public="false"
           responsetype="TEXT"
           type="DML">
      <param datatype="STRING" help="DML Query"/>
   </action>
   <action assettype="Create" batch="false" datasource="ds_countdraaftdata"
           desc="This action will reset all active Cursors and cleanup cached data. This action also cleans up all data from User Datasource and Memory Datasource. Use with caution. Do not call this method during multi-threaded processing."
           exposed="false"
           methodname="runCmd"
           name="ds_countdraaftdata.Reset"
           public="false"
           responsetype="TEXT"
           type="ResetDS"/>
   <action assettype="Create" batch="false" desc="Sets value of field types"
           exposed="false"
           field="types"
           methodname="runCmd"
           name="types ="
           public="false"
           responsetype="TEXT"
           type="Setter">
      <param datatype="INTEGER" help="Value of the field types"/>
   </action>
   <datasource assettype="Create" batch="false" connector="partner_DB_Connector@dblink"
               desc=""
               dstype="QueryString"
               exposed="false"
               expression=""
               fetchsize="16"
               name="ds _resetDraftData"
               public="false"
               responsetype="TEXT"
               volatile="true"/>
   <action assettype="Create" batch="false" desc="Sets value of field UserId"
           exposed="false"
           field="UserId"
           methodname="runCmd"
           name="UserId ="
           public="false"
           responsetype="TEXT"
           type="Setter">
      <param datatype="STRING" help="Value of the field UserId"/>
   </action>
   <action assettype="Create" batch="false" desc="Sets value of field Type"
           exposed="false"
           field="Type"
           methodname="runCmd"
           name="Type ="
           public="false"
           responsetype="TEXT"
           type="Setter">
      <param datatype="STRING" help="Value of the field Type"/>
   </action>
   <action assettype="Create" batch="false" desc="" exposed="false" methodname="runCmd"
           name="script_insert"
           public="false"
           responsetype="TEXT"
           type="Script">
      <param datatype="STRING" help="userid"/>
      <param datatype="STRING" help="type"/>
      <script scripttype="Javascript">v_UserId.set(userid);
  v_types.set(Number(type));</script>
      <reference name="UserId"/>
      <reference name="types"/>
   </action>
   <action assettype="Delete" batch="false" breakonsuccess="false" desc="" exposed="true"
           methodname="runCmd"
           name="ResetDraftData"
           public="false"
           responsetype="TEXT"
           serialized="false"
           threadmode="false"
           type="Sequence">
      <param datatype="STRING" help="UserId"/>
      <param datatype="INTEGER" help="Type"/>
      <subscriber action="script_insert" params="[UserId],[Type]"/>
      <subscriber action="partner_DB_Connector@dblink.DML"
                  params="delete from tb_draftdata where userid='[UserId]' and type=[types]"/>
      <reference name="UserId"/>
      <reference name="Type"/>
      <reference name="types"/>
   </action>
   <action assettype="Create" batch="false" datasource="ds_getdraaftdata"
           desc="This action will reset all active Cursors and cleanup cached data. This action also cleans up all data from User Datasource and Memory Datasource. Use with caution. Do not call this method during multi-threaded processing."
           exposed="false"
           methodname="runCmd"
           name="ds_getdraaftdata.Reset"
           public="false"
           responsetype="TEXT"
           type="ResetDS"/>
   <action assettype="Create" batch="false" desc="" exposed="false" methodname="runCmd"
           name="script_act_insertdraftdata"
           public="false"
           responsetype="TEXT"
           type="Script">
      <param datatype="STRING" help="Userid"/>
      <param datatype="STRING" help="Type"/>
      <param datatype="STRING" help="Draft"/>
      <script scripttype="Javascript">var apiName = "InsertDraftDatas::script_insertdraftdata:";
var logLevel = "Error: ";

v_LogMessage.set("");

v_UserId.set(Userid);
//v_Type.set(Type);
v_types.set(Number(Type));

ds_countdraaftdata_RefreshStats.call();
if(v_ds_countdraaftdata_count.get()==0)
{
	act_InsertDraftData.call(Userid,v_types.get(),Draft);
 	// act_InsertDraftData.call(Userid,Type,Draft);
  	 v_LogMessage.set("Draft data Inserted");
	 Connector_Logger_writeLine2.call(v_EngineName.get(),logLevel+apiName+v_LogMessage.get(),v_PartitionId.get());
	 Connector_Logger_writeLine2.call(v_EngineName.get(),logLevel+apiName+getLastErrorStack.call(),v_PartitionId.get());
}
else{
  //act_UpdatetDraftData.call(Userid,Type,Draft);
  act_UpdatetDraftData.call(Userid,v_types.get(),Draft);
  v_LogMessage.set("Draft data Updated");
  Connector_Logger_writeLine2.call(v_EngineName.get(),logLevel+apiName+v_LogMessage.get(),v_PartitionId.get());
}
  </script>
      <reference name="Connector_Logger.writeLine2"/>
      <reference name="act_InsertDraftData"/>
      <reference name="act_UpdatetDraftData"/>
      <reference name="InsertDraftData"/>
      <reference name="ds_countdraaftdata.RefreshStats"/>
      <reference name="getLastErrorStack"/>
      <reference name="UserId"/>
      <reference name="Type"/>
      <reference name="types"/>
      <reference name="ds_countdraaftdata.count"/>
      <reference name="LogMessage"/>
      <reference name="PartitionId"/>
      <reference name="EngineName"/>
   </action>
   <action assettype="Create" batch="false" breakonsuccess="false" desc="" exposed="true"
           methodname="runCmd"
           name="InsertDraftDatas"
           public="false"
           responsetype="TEXT"
           serialized="false"
           threadmode="false"
           type="Sequence">
      <param datatype="STRING" help="UserId"/>
      <param datatype="STRING" help="Type"/>
      <param datatype="STRING" help="DraftData"/>
      <subscriber action="PartitionId =" params="[PARTITION_ID]"/>
      <subscriber action="script_act_insertdraftdata" params="[UserId],[Type],[DraftData]"/>
      <reference name="UserId"/>
      <reference name="Type"/>
      <reference name="DraftData"/>
   </action>
   <action assettype="Create" batch="false" desc="" exposed="false" methodname="runCmd"
           name="script_getDraft"
           public="false"
           responsetype="TEXT"
           type="Script">
      <param datatype="STRING" help="userid"/>
      <param datatype="STRING" help="type"/>
      <script scripttype="Javascript">var apiName = "getDraftData()::script_getDraft:";
var logLevel = "Error: ";

v_LogMessage.set("");
v_API_Response.set("");
v_UserId.set(userid);
print("UserId...."+v_UserId.get());

//v_Type.set(type);

v_types.set(Number(type));
print("type......"+v_types.get());
try{
	print("v_ds_countdraaftdata_count.get()before refresh.."+v_ds_countdraaftdata_count.get());
	ds_countdraaftdata_Reset.call();
	ds_countdraaftdata_Refresh.call();
	print("v_ds_countdraaftdata_count.get()after refresh.."+v_ds_countdraaftdata_count.get());
	if(v_ds_countdraaftdata_count.get()==0)
	{
		v_LogMessage.set("Draftdata not found");
		Connector_Logger_writeLine2.call(v_EngineName.get(),logLevel+apiName+v_LogMessage.get(),v_PartitionId.get());
	}
	else{
		ds_getdraaftdata_Reset.call();
		ds_getdraaftdata_Refresh.call();
		
		v_API_Response.set(v_ds_getdraaftdata_draftdata.get());
	}
	

}
catch(e){
	v_LogMessage.set("Error in getDraft API..."+e.message);
 	Connector_Logger_writeLine2.call(v_EngineName.get(),logLevel+apiName+v_LogMessage.get(),v_PartitionId.get());
   	Connector_Logger_writeLine2.call(v_EngineName.get(),logLevel+apiName+getLastErrorStack.call(),v_PartitionId.get());
    	
}
</script>
      <reference name="Connector_Logger.writeLine2"/>
      <reference name="ds_getdraaftdata.Refresh"/>
      <reference name="ds_countdraaftdata.Refresh"/>
      <reference name="ds_countdraaftdata.Reset"/>
      <reference name="ds_getdraaftdata.Reset"/>
      <reference name="getLastErrorStack"/>
      <reference name="UserId"/>
      <reference name="Type"/>
      <reference name="types"/>
      <reference name="ds_countdraaftdata.count"/>
      <reference name="API_Response"/>
      <reference name="ds_getdraaftdata.draftdata"/>
      <reference name="LogMessage"/>
      <reference name="PartitionId"/>
      <reference name="EngineName"/>
   </action>
   <function assettype="Read" batch="false" desc="" exposed="true"
             expression="[API_Response]"
             methodname="runCmd"
             name="getDraftData"
             public="false"
             responsetype="TEXT"
             returntype="STRING"
             type="Result">
      <param datatype="STRING" help="UserId"/>
      <param datatype="STRING" help="Type"/>
      <action name="PartitionId =" params="[PARTITION_ID]"/>
      <action name="script_getDraft" params="[UserId],[Type]"/>
      <reference name="UserId"/>
      <reference name="Type"/>
      <reference name="API_Response"/>
   </function>
</rulesconfig>