<?xml version="1.0" encoding="UTF-8"?>
<rulesconfig version="4.1.0_9">
   <jardir>C:\Users\abhra.chandra/PAREExportBundles/Email/lib</jardir>
   <jarname>output</jarname>
   <bundle_version>1</bundle_version>
   <serviceport>8080</serviceport>
   <nativeevaluator>false</nativeevaluator>
   <onload/>
   <field assettype="Create" batch="false" datatype="STRING" desc="" encrypted="false"
          exposed="false"
          fieldtype="USER"
          name="EmailSubject"
          public="false"
          responsetype="TEXT"
          threadlocal="true"
          valuestr=""/>
   <field assettype="Create" batch="false" datatype="STRING" desc="" encrypted="false"
          exposed="false"
          fieldtype="USER"
          name="EmailBody"
          public="false"
          responsetype="TEXT"
          threadlocal="true"
          valuestr=""/>
   <field assettype="Create" batch="false" datatype="STRING" desc="" encrypted="false"
          exposed="false"
          fieldtype="USER"
          name="AttachFileName1"
          public="false"
          responsetype="TEXT"
          threadlocal="true"
          valuestr=""/>
   <field assettype="Create" batch="false" datatype="STRING" desc="" encrypted="false"
          exposed="false"
          fieldtype="USER"
          name="ErrorMessage"
          public="false"
          responsetype="TEXT"
          threadlocal="true"
          valuestr=""/>
   <field assettype="Create" batch="false" datatype="INTEGER" desc="" encrypted="false"
          exposed="false"
          fieldtype="USER"
          name="Status"
          public="false"
          responsetype="TEXT"
          threadlocal="true"
          valuestr="0"/>
   <field assettype="Create" batch="false" datatype="STRING" desc="" encrypted="false"
          exposed="false"
          fieldtype="USER"
          name="AttachFileName2"
          public="false"
          responsetype="TEXT"
          threadlocal="true"
          valuestr=""/>
   <field assettype="Create" batch="false" datatype="STRING" desc="" encrypted="false"
          exposed="false"
          fieldtype="USER"
          name="AttachFileName3"
          public="false"
          responsetype="TEXT"
          threadlocal="true"
          valuestr=""/>
   <field assettype="Create" batch="false" datatype="INTEGER" desc="" encrypted="false"
          exposed="false"
          fieldtype="USER"
          name="MaximumAlertRetryCount"
          public="false"
          responsetype="TEXT"
          threadlocal="true"
          valuestr="0"/>
   <connector assettype="Create" batch="false" classlocation="[PostgreSQL_DRIVER_LOCATION]"
              connname="TRUEBYL"
              conntype="DBLINK"
              dbtype="POSTGRESQL"
              desc=""
              driverclassname="org.postgresql.Driver"
              engine="dbconnectionpool"
              exposed="false"
              initialpoolsize="1"
              maxpoolsize="-1"
              name="partner_DB_Connector@dblink"
              public="false"
              responsetype="TEXT"
              url="[PostgreSQL_CONNECTION_STRING]"
              usemaxpoolsize="false"
              username="[partner_DB_USERNAME]"
              xadsclassname="org.postgresql.xa.PGXADataSource">
      <password password="partner_DB_PASSWORD" usepwdman="true"/>
   </connector>
   <datasource assettype="Create" batch="false" connector="partner_DB_Connector@dblink"
               desc=""
               dstype="QueryString"
               exposed="false"
               expression="SELECT CURRENT_TIMESTAMP"
               fetchsize="16"
               name="ds_getCurrentTimeStamp"
               public="false"
               responsetype="TEXT"
               volatile="true"/>
   <field assettype="Create" batch="false" datasource="ds_getCurrentTimeStamp"
          datatype="DATETIME"
          desc=""
          element="current_timestamp"
          exposed="false"
          fieldtype="DATASRC"
          name="ds_getCurrentTimeStamp.current_timestamp"
          public="false"
          responsetype="TEXT"
          threadlocal="true"/>
   <action assettype="Create" batch="false" desc="Sets value of field Status"
           exposed="false"
           field="Status"
           methodname="runCmd"
           name="Status ="
           public="false"
           responsetype="TEXT"
           type="Setter">
      <param datatype="INTEGER" help="Value of the field Status"/>
   </action>
   <action assettype="Create" batch="false" desc="Sets value of field ErrorMessage"
           exposed="false"
           field="ErrorMessage"
           methodname="runCmd"
           name="ErrorMessage ="
           public="false"
           responsetype="TEXT"
           type="Setter">
      <param datatype="STRING" help="Value of the field ErrorMessage"/>
   </action>
   <datasource assettype="Create" batch="false" connector="partner_DB_Connector@dblink"
               desc=""
               dstype="QueryString"
               exposed="false"
               expression="SELECT FAILUREREASON,STATUS,REQUESTID,EVENTID,TOEMAILID,ATTACHMENTPATH,ATTACHEDFILENAMELIST, SUBJECT, BODY FROM CB_EMAILREQUEST WHERE STATUS = 0 OR (STATUS = 2 AND SENDRETRYCOUNT &lt; #bMaximumAlertRetryCount#) ORDER BY  REQUESTDATETIME ASC, PRIORITY ASC"
               fetchsize="16"
               name="ds_getEmailRequest"
               public="false"
               responsetype="TEXT"
               volatile="true">
      <boundvar exp="[MaximumAlertRetryCount]" name="bMaximumAlertRetryCount" type="INTEGER"/>
      <reference name="MaximumAlertRetryCount"/>
   </datasource>
   <field assettype="Create" batch="false" datasource="ds_getEmailRequest"
          datatype="LONG"
          desc=""
          element="requestid"
          exposed="false"
          fieldtype="DATASRC"
          name="ds_getEmailRequest.requestid"
          public="false"
          responsetype="TEXT"
          threadlocal="true"/>
   <field assettype="Create" batch="false" datasource="ds_getEmailRequest"
          datatype="STRING"
          desc=""
          element="toemailid"
          exposed="false"
          fieldtype="DATASRC"
          name="ds_getEmailRequest.toemailid"
          public="false"
          responsetype="TEXT"
          threadlocal="true"/>
   <action assettype="Create" batch="false"
           desc="Sets value of field MaximumAlertRetryCount"
           exposed="false"
           field="MaximumAlertRetryCount"
           methodname="runCmd"
           name="MaximumAlertRetryCount ="
           public="false"
           responsetype="TEXT"
           type="Setter">
      <param datatype="INTEGER" help="Value of the field MaximumAlertRetryCount"/>
   </action>
   <action assettype="Create" batch="false" desc="Sets value of field EmailSubject"
           exposed="false"
           field="EmailSubject"
           methodname="runCmd"
           name="EmailSubject ="
           public="false"
           responsetype="TEXT"
           type="Setter">
      <param datatype="STRING" help="Value of the field EmailSubject"/>
   </action>
   <action assettype="Create" batch="false" desc="Sets value of field EmailBody"
           exposed="false"
           field="EmailBody"
           methodname="runCmd"
           name="EmailBody ="
           public="false"
           responsetype="TEXT"
           type="Setter">
      <param datatype="STRING" help="Value of the field EmailBody"/>
   </action>
   <field assettype="Create" batch="false" datasource="ds_getEmailRequest"
          datatype="STRING"
          desc=""
          element="attachmentpath"
          exposed="false"
          fieldtype="DATASRC"
          name="ds_getEmailRequest.attachmentpath"
          public="false"
          responsetype="TEXT"
          threadlocal="true"/>
   <field assettype="Create" batch="false" datasource="ds_getEmailRequest"
          datatype="STRING"
          desc=""
          element="attachedfilenamelist"
          exposed="false"
          fieldtype="DATASRC"
          name="ds_getEmailRequest.attachedfilenamelist"
          public="false"
          responsetype="TEXT"
          threadlocal="true"/>
   <field assettype="Create" batch="false" datatype="STRING" desc="" encrypted="false"
          exposed="false"
          fieldtype="USER"
          name="LogMessage"
          public="false"
          responsetype="TEXT"
          threadlocal="true"
          valuestr=""/>
   <field assettype="Create" batch="false" datatype="STRING" desc="" encrypted="false"
          exposed="false"
          fieldtype="USER"
          name="RequestId"
          public="false"
          responsetype="TEXT"
          threadlocal="true"
          valuestr=""/>
   <action assettype="Create" batch="false" desc="Sets value of field RequestId"
           exposed="false"
           field="RequestId"
           methodname="runCmd"
           name="RequestId ="
           public="false"
           responsetype="TEXT"
           type="Setter">
      <param datatype="STRING" help="Value of the field RequestId"/>
   </action>
   <field assettype="Create" batch="false" datasource="ds_getEmailRequest"
          datatype="INTEGER"
          desc=""
          element="status"
          exposed="false"
          fieldtype="DATASRC"
          name="ds_getEmailRequest.status"
          public="false"
          responsetype="TEXT"
          threadlocal="true"/>
   <field assettype="Create" batch="false" datasource="ds_getEmailRequest"
          datatype="STRING"
          desc=""
          element="failurereason"
          exposed="false"
          fieldtype="DATASRC"
          name="ds_getEmailRequest.failurereason"
          public="false"
          responsetype="TEXT"
          threadlocal="true"/>
   <action assettype="Create" batch="false" desc="" exposed="false" methodname="runCmd"
           name="act_script_setStatus"
           public="false"
           responsetype="TEXT"
           type="Script">
      <script scripttype="Javascript">if(v_ds_getEmailRequest_status.get() == 2)
{
	v_Status.set(2);
	v_ErrorMessage.set(v_ds_getEmailRequest_failurereason.get());
}
else if(v_ds_getEmailRequest_status.get() == 1)
{
	v_Status.set(1);
	v_ErrorMessage.set(" ");
}


</script>
      <reference name="ErrorMessage"/>
      <reference name="Status"/>
      <reference name="ds_getEmailRequest.status"/>
      <reference name="ds_getEmailRequest.failurereason"/>
   </action>
   <field assettype="Create" batch="false" datatype="STRING" desc="" encrypted="false"
          exposed="false"
          fieldtype="USER"
          name="EngineName"
          public="false"
          responsetype="TEXT"
          threadlocal="false"
          valuestr="Email"/>
   <field assettype="Create" batch="false" datasource="ds_getEmailRequest"
          datatype="STRING"
          desc=""
          element="subject"
          exposed="false"
          fieldtype="DATASRC"
          name="ds_getEmailRequest.subject"
          public="false"
          responsetype="TEXT"
          threadlocal="true"/>
   <field assettype="Create" batch="false" datatype="STRING" desc="" encrypted="false"
          exposed="false"
          fieldtype="USER"
          name="token"
          public="false"
          responsetype="TEXT"
          threadlocal="false"
          valuestr=""/>
   <field assettype="Create" batch="false" datatype="STRING" desc="" encrypted="false"
          exposed="false"
          fieldtype="USER"
          name="PartnerToken"
          public="false"
          responsetype="TEXT"
          threadlocal="false"
          valuestr=""/>
   <field assettype="Create" batch="false" datasource="ds_getEmailRequest"
          datatype="STRING"
          desc=""
          element="body"
          exposed="false"
          fieldtype="DATASRC"
          name="ds_getEmailRequest.body"
          public="false"
          responsetype="TEXT"
          threadlocal="true"/>
   <field assettype="Create" batch="false" datatype="STRING" desc="" encrypted="false"
          exposed="false"
          fieldtype="USER"
          name="PartitionId"
          public="false"
          responsetype="TEXT"
          threadlocal="true"
          valuestr=""/>
   <action assettype="Create" batch="false" datasource="ds_getEmailRequest"
           desc="This action releases thread specific cursors or resultsets. This is safe to use in a multi threaded processing scenario as the impact is limited to calling thread."
           exposed="false"
           methodname="runCmd"
           name="ds_getEmailRequest.Refresh"
           public="false"
           responsetype="TEXT"
           type="RefreshDS"/>
   <action assettype="Create" batch="false" desc="Sets value of field LogMessage"
           exposed="false"
           field="LogMessage"
           methodname="runCmd"
           name="LogMessage ="
           public="false"
           responsetype="TEXT"
           type="Setter">
      <param datatype="STRING" help="Value of the field LogMessage"/>
   </action>
   <connector assettype="Create" batch="false" childfirst="false"
              classloc="C:\Users\abhra.chandra/PAREExportBundles/Email/lib/truebyllibrary.jar"
              classname="com.filelogger.FileLogger"
              conntype="CLASS"
              desc=""
              exposed="false"
              itype="Singleton"
              name="Connector_Logger"
              public="false"
              responsetype="TEXT"
              username="">
      <password password="" usepwdman="true"/>
   </connector>
   <action assettype="Create" batch="false" classconnector="Connector_Logger"
           desc="Action writeLine2 of Class Connector_Logger"
           exposed="false"
           methodname="writeLine2"
           name="Connector_Logger.writeLine2"
           public="false"
           responsetype="TEXT"
           type="Custom">
      <param datatype="STRING" help="arg0"/>
      <param datatype="STRING" help="arg1"/>
      <param datatype="STRING" help="arg2"/>
   </action>
   <connector assettype="Create" batch="false" conntype="POPIMAP" desc="" exposed="false"
              host="[SMTP_Host]"
              name="con_Imap"
              oauth2="false"
              port="993"
              public="false"
              responsetype="TEXT"
              ssl="true"
              store="IMAP"
              tlsenabled="false"
              tlsrequired="false"
              token=""
              username="[SMTP_Username]">
      <password password="SMTP_email_password" usepwdman="true"/>
   </connector>
   <datasource assettype="Create" batch="false" connector="con_Imap" desc=""
               downloadbody="false"
               dstype="Email"
               exposed="false"
               fetchsize="10"
               folder="INBOX"
               name="ds_Email"
               public="false"
               responsetype="TEXT"
               showbmt="true"
               showstan="true"
               unread="false"
               volatile="true">
      <header name="RequestId" tag="BMT"/>
      <filter contains="true" name="From" type="header" value="MAILER-DAEMON@LOCALHOST"/>
   </datasource>
   <field assettype="Create" batch="false" datasource="ds_Email" datatype="STRING"
          desc=""
          element="BMT_RequestId"
          exposed="false"
          fieldtype="DATASRC"
          name="ds_Email.BMT_RequestId"
          public="false"
          responsetype="TEXT"
          threadlocal="true"/>
   <function assettype="Create" batch="false" desc="" exposed="false"
             fieldname="ds_Email.BMT_RequestId"
             methodname="getCount"
             name="ds_Email.BMT_RequestId.Count"
             public="false"
             responsetype="TEXT"
             returntype="LONG"
             stattype="Count"
             type="Stats"/>
   <field assettype="Create" batch="false" datatype="STRING" desc="" encrypted="false"
          exposed="false"
          fieldtype="USER"
          name="BounceMailRequestId"
          public="false"
          responsetype="TEXT"
          threadlocal="true"
          valuestr=""/>
   <field assettype="Create" batch="false" datatype="STRING" desc="" encrypted="false"
          exposed="false"
          fieldtype="USER"
          name="BMTStatus"
          public="false"
          responsetype="TEXT"
          threadlocal="false"
          valuestr="Reporting-MTA: dns; mail.ushamartintech.com X-Email-Security-Gateway-Queue-ID: 7D81511CC035 X-Email-Security-Gateway-Sender: rfc822; pratim.ganguly@ushamartintech.com Arrival-Date: Tue, 1 Oct 2019 10:05:44 +0530 (IST) Final-Recipient: rfc822; abc@xyz.ushamartintech.com Original-Recipient: rfc822;abc@xyz.ushamartintech.com Action: failed Status: 5.4.6 Diagnostic-Code: X-Email-Security-Gateway; mail for xyz.ushamartintech.com loops back to myself"/>
   <action assettype="Create" batch="false" desc="Sets value of field BounceMailRequestId"
           exposed="false"
           field="BounceMailRequestId"
           methodname="runCmd"
           name="BounceMailRequestId ="
           public="false"
           responsetype="TEXT"
           type="Setter">
      <param datatype="STRING" help="Value of the field BounceMailRequestId"/>
   </action>
   <action assettype="Create" batch="false" breakonerror="false"
           datasource="ds_getEmailRequest"
           desc=""
           exposed="false"
           methodname="runCmd"
           name="job_mailRequestId"
           numrows=""
           numthreads="1"
           public="false"
           responsetype="TEXT"
           type="Job">
      <member name="RequestId =" params="[ds_getEmailRequest.requestid]"/>
      <reference name="ds_getEmailRequest.requestid"/>
   </action>
   <field assettype="Create" batch="false" datasource="ds_Email" datatype="STRING"
          desc=""
          element="BMT_Status"
          exposed="false"
          fieldtype="DATASRC"
          name="ds_Email.BMT_Status"
          public="false"
          responsetype="TEXT"
          threadlocal="true"/>
   <action assettype="Create" batch="false" datasource="ds_Email"
           desc="This action releases thread specific cursors or resultsets. This is safe to use in a multi threaded processing scenario as the impact is limited to calling thread."
           exposed="false"
           methodname="runCmd"
           name="ds_Email.Refresh"
           public="false"
           responsetype="TEXT"
           type="RefreshDS"/>
   <action assettype="Create" batch="false" desc="Sets value of field BMTStatus"
           exposed="false"
           field="BMTStatus"
           methodname="runCmd"
           name="BMTStatus ="
           public="false"
           responsetype="TEXT"
           type="Setter">
      <param datatype="STRING" help="Value of the field BMTStatus"/>
   </action>
   <function assettype="Create" batch="false" desc="" exposed="false" methodname="runCmd"
             name="script_fnc_CheckBMTStatus"
             public="false"
             responsetype="TEXT"
             returntype="STRING"
             type="Script">
      <script scripttype="Javascript">var ret = "";

if(containsString.call("Status: 5.",v_BMTStatus.get()))
{
	ret = "ERROR::HARD BOUNCE";
	v_Status.set(3);
}
else if(containsString.call("Status: 4.",v_BMTStatus.get()))
{
	ret = "ERROR::SOFT BOUNCE";
	v_Status.set(2);
}

ret;</script>
      <reference name="containsString"/>
      <reference name="Status"/>
      <reference name="BMTStatus"/>
   </function>
   <action assettype="Create" batch="false" desc="" exposed="false" methodname="runCmd"
           name="rule_CheckBounceMail"
           public="false"
           responsetype="TEXT"
           type="Rule">
      <ruleslot join="AND">
         <slot condition="'[BounceMailRequestId]' == '[RequestId]'" useexp="true"/>
      </ruleslot>
      <trueaction name="BMTStatus =" params="{Builtin.removeextraspace([ds_Email.BMT_Status])}"/>
      <trueaction name="ErrorMessage =" params="{script_fnc_CheckBMTStatus()}"/>
      <falseaction name="Status =" params="1"/>
      <falseaction name="ErrorMessage =" params="&#34; &#34;"/>
      <reference name="removeextraspace"/>
      <reference name="ds_Email.BMT_Status"/>
      <reference name="script_fnc_CheckBMTStatus"/>
      <reference name="BounceMailRequestId"/>
      <reference name="RequestId"/>
   </action>
   <action assettype="Create" batch="false" desc="" exposed="false" methodname="runCmd"
           name="rule_checkMail"
           public="false"
           responsetype="TEXT"
           type="Rule">
      <ruleslot join="AND">
         <slot condition="{ds_Email.BMT_RequestId.Count()} &gt; 0" useexp="true"/>
      </ruleslot>
      <trueaction name="BounceMailRequestId =" params="[ds_Email.BMT_RequestId]"/>
      <trueaction name="rule_CheckBounceMail" params=""/>
      <falseaction name="Status =" params="1"/>
      <falseaction name="ErrorMessage =" params="&#34; &#34;"/>
      <reference name="ds_Email.BMT_RequestId"/>
      <reference name="ds_Email.BMT_RequestId.Count"/>
   </action>
   <action assettype="Create" batch="false" datasource="ds_Email" desc="" exposed="false"
           methodname="runCmd"
           name="ds_Email.RefreshStats"
           public="false"
           responsetype="TEXT"
           type="StatsRefresh"/>
   <action assettype="Create" batch="false" connector="partner_DB_Connector@dblink"
           desc="Execute the DML query as represented by the passed expression"
           exposed="false"
           methodname="executeDML"
           name="partner_DB_Connector.DML"
           public="false"
           responsetype="TEXT"
           type="DML">
      <param datatype="STRING" help="DML Query"/>
   </action>
   <action assettype="Create" batch="false" desc="" exposed="false" methodname="runCmd"
           name="script_actsetAttachements"
           public="false"
           responsetype="TEXT"
           type="Script">
      <param datatype="STRING" help="Attachmentpath"/>
      <param datatype="STRING" help="AttachmentFileNameList"/>
      <script scripttype="Javascript">var logLevel = "Error:";
var APIName = "seq_sendEmail()::script_actsetAttachements:";

try
{
	v_AttachFileName1.set("");
	v_AttachFileName2.set("");
	v_AttachFileName3.set("");

	var attachmentList = AttachmentFileNameList;
	var attachPath = Attachmentpath;
	
	var fileNameArr = attachmentList.split(",");
	for(var i = 0; i &lt; fileNameArr.length; i++)
	{
		if(i == 0)
		{
	   		v_AttachFileName1.set(attachPath + fileNameArr[i]);
		}	
		if(i == 1) 
		{
			v_AttachFileName2.set(attachPath + fileNameArr[i]);
		}
		if(i == 2) 
		{
			v_AttachFileName3.set(attachPath + fileNameArr[i]);
		}
	}
}
catch(err)
{
	v_LogMessage.set("Processing Email Attachment");
	Connector_Logger_writeLine2.call(v_EngineName.get(),logLevel+APIName+v_LogMessage.get(),PARTITION_ID);
	Connector_Logger_writeLine2.call(v_EngineName.get(),logLevel+APIName+getLastErrorStack.call(),PARTITION_ID);
	throw "&lt;&lt;&lt; "+ logLevel + v_LogMessage.get() +" &gt;&gt;&gt;";
}
</script>
      <reference name="Connector_Logger.writeLine2"/>
      <reference name="getLastErrorStack"/>
      <reference name="AttachFileName1"/>
      <reference name="AttachFileName2"/>
      <reference name="AttachFileName3"/>
      <reference name="LogMessage"/>
      <reference name="EngineName"/>
   </action>
   <function asset="getPartnerSettingsValue" assettype="Create" batch="false"
             callmethod="GET"
             desc=""
             engine="CommonAPI"
             exposed="false"
             host="[SERVER_IP]"
             methodname="runCmd"
             name="getPartnerSettingsValue"
             port="[SERVER_PORT]"
             protocol="[SERVER_PROTOCOL]"
             public="false"
             publicapi="false"
             responsetype="TEXT"
             returntype="STRING"
             token="[PartnerToken]"
             type="ServerAsset">
      <param datatype="STRING" help="PropertyName"/>
      <reference name="PartnerToken"/>
   </function>
   <function assettype="Create" batch="false" desc="" exposed="false" methodname="runCmd"
             name="script_fnc_getToken"
             public="false"
             responsetype="TEXT"
             returntype="STRING"
             type="Script">
      <script scripttype="Javascript">str = contextHttpHeader.call("Authorization");
token = getToken.call(str,"Bearer",1);
token;</script>
      <reference name="getToken"/>
      <reference name="contextHttpHeader"/>
   </function>
   <function assettype="Create" batch="false" desc="" exposed="false" methodname="runCmd"
             name="script_fnc_checkFaultReason"
             public="false"
             responsetype="TEXT"
             returntype="STRING"
             type="Script">
      <param datatype="STRING" help="FaultReason"/>
      <script scripttype="Javascript">var str = FaultReason;
var str_split = str.split(" ");
var output = "";
for(var i = 0; i &lt; str_split.length; i++)
{
	output = output + " " + str_split[i].replace("'","\\'");
}

output;
</script>
   </function>
   <action assettype="Create" batch="false" desc="Sets value of field token"
           exposed="false"
           field="token"
           methodname="runCmd"
           name="token ="
           public="false"
           responsetype="TEXT"
           type="Setter">
      <param datatype="STRING" help="Value of the field token"/>
   </action>
   <action assettype="Create" batch="false" desc="Sets value of field PartitionId"
           exposed="false"
           field="PartitionId"
           methodname="runCmd"
           name="PartitionId ="
           public="false"
           responsetype="TEXT"
           type="Setter">
      <param datatype="STRING" help="Value of the field PartitionId"/>
   </action>
   <field assettype="Create" batch="false" datatype="STRING" desc="" encrypted="false"
          exposed="false"
          fieldtype="USER"
          name="APIName"
          public="false"
          responsetype="TEXT"
          threadlocal="true"
          valuestr=""/>
   <action assettype="Create" batch="false" desc="Sets value of field PartnerToken"
           exposed="false"
           field="PartnerToken"
           methodname="runCmd"
           name="PartnerToken ="
           public="false"
           responsetype="TEXT"
           type="Setter">
      <param datatype="STRING" help="Value of the field PartnerToken"/>
   </action>
   <field assettype="Create" batch="false" datatype="STRING" desc="" encrypted="false"
          exposed="false"
          fieldtype="USER"
          name="LogLevel"
          public="false"
          responsetype="TEXT"
          threadlocal="true"
          valuestr=""/>
   <function asset="email_act_sendEmail" assettype="Create" batch="false" callmethod="POST"
             desc=""
             engine="CentralEmailConnector"
             exposed="false"
             host="[SERVER_IP]"
             methodname="runCmd"
             name="al_CentralEmailConnector.email_act_sendEmail"
             port="[SERVER_PORT]"
             protocol="[SERVER_PROTOCOL]"
             public="false"
             publicapi="false"
             responsetype="TEXT"
             returntype="STRING"
             token="[PartnerToken]"
             type="ServerAsset">
      <param datatype="STRING" help="Subject"/>
      <param datatype="STRING" help="Body"/>
      <param datatype="STRING" help="To"/>
      <param datatype="STRING" help="AttachFileName1"/>
      <param datatype="STRING" help="AttachFileName2"/>
      <param datatype="STRING" help="AttachFileName3"/>
      <param datatype="LONG" help="RequestId"/>
      <reference name="PartnerToken"/>
   </function>
   <action assettype="Create" batch="false" desc="" exposed="false" handleerror="true"
           methodname="runCmd"
           name="act_updateJobStatus"
           public="false"
           responsetype="TEXT"
           type="OnError">
      <param datatype="INTEGER" help="JobId"/>
      <param datatype="INTEGER" help="Status"/>
      <normalaction name="partner_DB_Connector.DML"
                    params="UPDATE CB_JOBSTATUS SET STATUS = CAST([Status] AS SMALLINT) WHERE JOB_ID = CAST([JobId] AS SMALLINT)"/>
      <erroraction name="LogMessage =" params="Updating job status in CB_JOBSTATUS table"/>
      <erroraction name="nullout"
                   params="{Connector_Logger.writeLine2([EngineName],[LogLevel][APIName]act_updateJobStatus:[LogMessage],[PARTITION_ID])}"/>
      <erroraction name="nullout"
                   params="{Connector_Logger.writeLine2([EngineName],[LogLevel][APIName]act_updateJobStatus:{Builtin.getLastErrorStack()},[PARTITION_ID])}"/>
      <erroraction name="exception" params="&lt;&lt;&lt;[LogLevel][LogMessage]&gt;&gt;&gt;"/>
      <reference name="Status"/>
      <reference name="Connector_Logger.writeLine2"/>
      <reference name="EngineName"/>
      <reference name="LogLevel"/>
      <reference name="APIName"/>
      <reference name="LogMessage"/>
      <reference name="getLastErrorStack"/>
   </action>
   <function assettype="Create" authtype="NONE" batch="false" bearer="" desc=""
             downloadloc=""
             exposed="false"
             isdownload="false"
             method="POST"
             methodname="runCmd"
             name="rc_sendEmail"
             proxyenabled="false"
             public="false"
             rawbody="false"
             rawdata=""
             rawmediatype="TEXT"
             readtimeout="600"
             responsetype="TEXT"
             returntype="STRING"
             type="RestService"
             url="[SERVER_PROTOCOL]://[SERVER_IP]:[SERVER_PORT]/RuleServer/services/Email/assets/seq_sendEmail"
             writetimeout="600">
      <header key="Authorization" value="Bearer [PartnerToken]"/>
      <reference name="PartnerToken"/>
   </function>
   <function assettype="Create" authtype="NONE" batch="false" bearer="" desc=""
             downloadloc=""
             exposed="false"
             isdownload="false"
             method="POST"
             methodname="runCmd"
             name="rc_bounceMail"
             proxyenabled="false"
             public="false"
             rawbody="false"
             rawdata=""
             rawmediatype="TEXT"
             readtimeout="600"
             responsetype="TEXT"
             returntype="STRING"
             type="RestService"
             url="[SERVER_PROTOCOL]://[SERVER_IP]:[SERVER_PORT]/RuleServer/services/Email/assets/seq_bounceMail"
             writetimeout="600">
      <header key="Authorization" value="Bearer [PartnerToken]"/>
      <reference name="PartnerToken"/>
   </function>
   <action assettype="Create" batch="false" cron="0 */10 * ? * *" desc="" exposed="false"
           methodname="runCmd"
           name="BounceMail"
           public="false"
           repeats="0"
           responsetype="TEXT"
           type="Scheduled">
      <subscriber action="nullout" params="{rc_bounceMail()}"/>
      <reference name="rc_bounceMail"/>
   </action>
   <action assettype="Create" batch="false" cron="0 */10 * ? * *" desc="" exposed="false"
           methodname="runCmd"
           name="SendEmail"
           public="false"
           repeats="0"
           responsetype="TEXT"
           type="Scheduled">
      <subscriber action="nullout" params="{rc_sendEmail()}"/>
      <reference name="rc_sendEmail"/>
   </action>
   <action assettype="Create" batch="false" desc="" exposed="false" methodname="runCmd"
           name="SendEmail.Stop"
           public="false"
           responsetype="TEXT"
           scheduledaction="SendEmail"
           type="StopScheduler"/>
   <action assettype="Create" batch="false" desc="Sets value of field APIName"
           exposed="false"
           field="APIName"
           methodname="runCmd"
           name="APIName ="
           public="false"
           responsetype="TEXT"
           type="Setter">
      <param datatype="STRING" help="Value of the field APIName"/>
   </action>
   <datasource assettype="Create" batch="false" connector="partner_DB_Connector@dblink"
               desc=""
               dstype="QueryString"
               exposed="false"
               expression="SELECT ACTIONTYPE FROM CB_EMAILREQUEST WHERE REQUESTID = [RequestId]"
               fetchsize="16"
               name="ds_getActionTypeForRequestId"
               public="false"
               responsetype="TEXT"
               volatile="true">
      <reference name="RequestId"/>
   </datasource>
   <action assettype="Create" batch="false" datasource="ds_getActionTypeForRequestId"
           desc="This action releases thread specific cursors or resultsets. This is safe to use in a multi threaded processing scenario as the impact is limited to calling thread."
           exposed="false"
           methodname="runCmd"
           name="ds_getActionTypeForRequestId.Refresh"
           public="false"
           responsetype="TEXT"
           type="RefreshDS"/>
   <field assettype="Create" batch="false" datasource="ds_getActionTypeForRequestId"
          datatype="INTEGER"
          desc=""
          element="actiontype"
          exposed="false"
          fieldtype="DATASRC"
          name="ds_getActionTypeForRequestId.actiontype"
          public="false"
          responsetype="TEXT"
          threadlocal="true"/>
   <action assettype="Create" batch="false" desc="Sets value of field LogLevel"
           exposed="false"
           field="LogLevel"
           methodname="runCmd"
           name="LogLevel ="
           public="false"
           responsetype="TEXT"
           type="Setter">
      <param datatype="STRING" help="Value of the field LogLevel"/>
   </action>
   <datasource assettype="Create" batch="false" connector="partner_DB_Connector@dblink"
               desc=""
               dstype="QueryString"
               exposed="false"
               expression="SELECT COUNT(1) AS COUNTMAILFORREQID FROM CB_EMAILREQUEST WHERE REQUESTID = '[RequestId]'"
               fetchsize="16"
               name="ds_countMailForRequestId"
               public="false"
               responsetype="TEXT"
               volatile="true">
      <reference name="RequestId"/>
   </datasource>
   <action assettype="Create" batch="false" datasource="ds_countMailForRequestId"
           desc="This action releases thread specific cursors or resultsets. This is safe to use in a multi threaded processing scenario as the impact is limited to calling thread."
           exposed="false"
           methodname="runCmd"
           name="ds_countMailForRequestId.Refresh"
           public="false"
           responsetype="TEXT"
           type="RefreshDS"/>
   <field assettype="Create" batch="false" datatype="STRING" desc="" encrypted="false"
          exposed="false"
          fieldtype="USER"
          name="EmailId"
          public="false"
          responsetype="TEXT"
          threadlocal="true"
          valuestr=""/>
   <field assettype="Create" batch="false" datatype="STRING" desc="" encrypted="false"
          exposed="false"
          fieldtype="USER"
          name="APIResponse"
          public="false"
          responsetype="TEXT"
          threadlocal="true"
          valuestr=""/>
   <action assettype="Create" batch="false" desc="Sets value of field APIResponse"
           exposed="false"
           field="APIResponse"
           methodname="runCmd"
           name="APIResponse ="
           public="false"
           responsetype="TEXT"
           type="Setter">
      <param datatype="STRING" help="Value of the field APIResponse"/>
   </action>
   <field assettype="Create" batch="false" datatype="STRING" desc="" encrypted="false"
          exposed="false"
          fieldtype="USER"
          name="ActionType"
          public="false"
          responsetype="TEXT"
          threadlocal="true"
          valuestr=""/>
   <datasource assettype="Create" batch="false" connector="partner_DB_Connector@dblink"
               desc=""
               dstype="QueryString"
               exposed="false"
               expression="SELECT COUNT(1) AS EMAILCOUNT FROM CB_EMAILREQUEST WHERE TOEMAILID = #bEmailId# AND ACTIONTYPE IN [ActionType] AND STATUS = 1"
               fetchsize="16"
               name="ds_countAllEmails"
               public="false"
               responsetype="TEXT"
               volatile="true">
      <boundvar exp="[EmailId]" name="bEmailId" type="VARCHAR"/>
      <reference name="ActionType"/>
      <reference name="EmailId"/>
   </datasource>
   <action assettype="Create" batch="false" desc="Sets value of field EmailId"
           exposed="false"
           field="EmailId"
           methodname="runCmd"
           name="EmailId ="
           public="false"
           responsetype="TEXT"
           type="Setter">
      <param datatype="STRING" help="Value of the field EmailId"/>
   </action>
   <field assettype="Create" batch="false" datasource="ds_countAllEmails" datatype="LONG"
          desc=""
          element="emailcount"
          exposed="false"
          fieldtype="DATASRC"
          name="ds_countAllEmails.emailcount"
          public="false"
          responsetype="TEXT"
          threadlocal="true"/>
   <action assettype="Create" batch="false" datasource="ds_countAllEmails"
           desc="This action releases thread specific cursors or resultsets. This is safe to use in a multi threaded processing scenario as the impact is limited to calling thread."
           exposed="false"
           methodname="runCmd"
           name="ds_countAllEmails.Refresh"
           public="false"
           responsetype="TEXT"
           type="RefreshDS"/>
   <datasource assettype="Create" batch="false" connector="partner_DB_Connector@dblink"
               desc=""
               dstype="QueryString"
               exposed="false"
               expression="SELECT COUNT(1) AS COUNTMAIL FROM CB_EMAILREQUEST WHERE TOEMAILID = '[EmailId]'"
               fetchsize="16"
               name="ds_countMailForId"
               public="false"
               responsetype="TEXT"
               volatile="true">
      <reference name="EmailId"/>
   </datasource>
   <field assettype="Create" batch="false" datasource="ds_countMailForId" datatype="LONG"
          desc=""
          element="countmail"
          exposed="false"
          fieldtype="DATASRC"
          name="ds_countMailForId.countmail"
          public="false"
          responsetype="TEXT"
          threadlocal="true"/>
   <action assettype="Create" batch="false" desc="Sets value of field ActionType"
           exposed="false"
           field="ActionType"
           methodname="runCmd"
           name="ActionType ="
           public="false"
           responsetype="TEXT"
           type="Setter">
      <param datatype="STRING" help="Value of the field ActionType"/>
   </action>
   <action assettype="Create" batch="false" datasource="ds_countMailForId"
           desc="This action releases thread specific cursors or resultsets. This is safe to use in a multi threaded processing scenario as the impact is limited to calling thread."
           exposed="false"
           methodname="runCmd"
           name="ds_countMailForId.Refresh"
           public="false"
           responsetype="TEXT"
           type="RefreshDS"/>
   <field assettype="Create" batch="false" datatype="STRING" desc="" encrypted="false"
          exposed="false"
          fieldtype="USER"
          name="SQL"
          public="false"
          responsetype="TEXT"
          threadlocal="false"
          valuestr=""/>
   <datasource assettype="Create" batch="false" connector="partner_DB_Connector@dblink"
               desc=""
               dstype="QueryString"
               exposed="false"
               expression="[SQL]"
               fetchsize="16"
               name="ds_getMailDetails"
               public="false"
               responsetype="TEXT"
               volatile="true">
      <reference name="SQL"/>
   </datasource>
   <field assettype="Create" batch="false" datasource="ds_getMailDetails" datatype="LONG"
          desc=""
          element="requestid"
          exposed="false"
          fieldtype="DATASRC"
          name="ds_getMailDetails.requestid"
          public="false"
          responsetype="TEXT"
          threadlocal="true"/>
   <field assettype="Create" batch="false" datasource="ds_getMailDetails"
          datatype="STRING"
          desc=""
          element="subject"
          exposed="false"
          fieldtype="DATASRC"
          name="ds_getMailDetails.subject"
          public="false"
          responsetype="TEXT"
          threadlocal="true"/>
   <field assettype="Create" batch="false" datasource="ds_getMailDetails"
          datatype="STRING"
          desc=""
          element="body"
          exposed="false"
          fieldtype="DATASRC"
          name="ds_getMailDetails.body"
          public="false"
          responsetype="TEXT"
          threadlocal="true"/>
   <field assettype="Create" batch="false" datatype="INTEGER" desc="" encrypted="false"
          exposed="false"
          fieldtype="USER"
          name="Limit"
          public="false"
          responsetype="TEXT"
          threadlocal="true"
          valuestr="0"/>
   <action assettype="Create" batch="false" datasource="ds_getMailDetails"
           desc="This action releases thread specific cursors or resultsets. This is safe to use in a multi threaded processing scenario as the impact is limited to calling thread."
           exposed="false"
           methodname="runCmd"
           name="ds_getMailDetails.Refresh"
           public="false"
           responsetype="TEXT"
           type="RefreshDS"/>
   <field assettype="Create" batch="false" datasource="ds_getMailDetails"
          datatype="STRING"
          desc=""
          element="datetime"
          exposed="false"
          fieldtype="DATASRC"
          name="ds_getMailDetails.datetime"
          public="false"
          responsetype="TEXT"
          threadlocal="true"/>
   <action assettype="Create" batch="false" desc="Sets value of field Limit"
           exposed="false"
           field="Limit"
           methodname="runCmd"
           name="Limit ="
           public="false"
           responsetype="TEXT"
           type="Setter">
      <param datatype="INTEGER" help="Value of the field Limit"/>
   </action>
   <field assettype="Create" batch="false" datasource="ds_getMailDetails"
          datatype="INTEGER"
          desc=""
          element="actiontype"
          exposed="false"
          fieldtype="DATASRC"
          name="ds_getMailDetails.actiontype"
          public="false"
          responsetype="TEXT"
          threadlocal="true"/>
   <model assettype="Create" baseds="ds_getMailDetails" batch="false"
          dateformat="dd-MMM-yyyy HH:mm:ss"
          desc=""
          exposed="false"
          listrender="true"
          name="mdl_getEmail"
          package="crm.PARE.model"
          public="false"
          responsetype="TEXT"
          rootname="mdl_getEmail"
          version="2">
      <element list="false" memberfield="ds_getMailDetails.requestid" membertype="Field"
               varname="RequestId"/>
      <element list="false" memberexp="[SMTP_Sender_Address]" memberexptype="STRING"
               membertype="Expression"
               varname="From"/>
      <element list="false" memberfield="ds_getMailDetails.subject" membertype="Field"
               varname="Subject"/>
      <element list="false" memberfield="ds_getMailDetails.body" membertype="Field"
               varname="Body"/>
      <element list="false" memberfield="ds_getMailDetails.datetime" membertype="Field"
               varname="Recieved"/>
      <element list="false" memberfield="ds_getMailDetails.actiontype" membertype="Field"
               varname="Status"/>
   </model>
   <function assettype="Create" batch="false"
             desc="Extracts the JSON string representing Model mdl_getEmail"
             exposed="false"
             methodname="runCmd"
             model="mdl_getEmail"
             name="mdl_getEmail.Json"
             public="false"
             responsetype="TEXT"
             returntype="STRING"
             type="ModelJson"/>
   <field assettype="Create" batch="false" datatype="STRING" desc="" encrypted="false"
          exposed="false"
          fieldtype="USER"
          name="MasterToken"
          public="false"
          responsetype="TEXT"
          threadlocal="true"
          valuestr=""/>
   <field assettype="Create" batch="false" datasource="ds_countMailForRequestId"
          datatype="LONG"
          desc=""
          element="countmailforreqid"
          exposed="false"
          fieldtype="DATASRC"
          name="ds_countMailForRequestId.countmailforreqid"
          public="false"
          responsetype="TEXT"
          threadlocal="true"/>
   <field assettype="Create" batch="false" datatype="STRING" desc="" encrypted="false"
          exposed="false"
          fieldtype="USER"
          name="AuditParamVal"
          public="false"
          responsetype="TEXT"
          threadlocal="true"
          valuestr=""/>
   <field assettype="Create" batch="false" datatype="STRING" desc="" encrypted="false"
          exposed="false"
          fieldtype="USER"
          name="ModByAudit"
          public="false"
          responsetype="TEXT"
          threadlocal="true"
          valuestr=""/>
   <function assettype="Create" authtype="BEARER" batch="false" bearer="[MasterToken]"
             desc=""
             downloadloc=""
             exposed="false"
             isdownload="false"
             method="GET"
             methodname="runCmd"
             name="rc_User.checkEmailId"
             proxyenabled="false"
             public="false"
             rawbody="false"
             rawdata=""
             rawmediatype="TEXT"
             readtimeout="600"
             responsetype="TEXT"
             returntype="STRING"
             type="RestService"
             url="[SERVER_PROTOCOL]://[SERVER_IP]:[SERVER_PORT]/RuleServer/services/User/assets/checkEmailId?EmailId=[EmailId]"
             writetimeout="600">
      <param datatype="STRING" help="EmailId"/>
      <reference name="EmailId"/>
      <reference name="MasterToken"/>
   </function>
   <function asset="generateLoginToken" assettype="Create" batch="false" callmethod="POST"
             desc=""
             engine="UserService"
             exposed="false"
             host="[SERVER_IP]"
             methodname="runCmd"
             name="al_UserService.generateLoginToken"
             port="[SERVER_PORT]"
             protocol="[SERVER_PROTOCOL]"
             public="false"
             publicapi="true"
             responsetype="TEXT"
             returntype="STRING"
             token=""
             type="ServerAsset">
      <param datatype="STRING" help="UserName"/>
      <param datatype="STRING" help="Password"/>
   </function>
   <action assettype="Create" batch="false" desc="Process the webhooks" exposed="false"
           methodname="runCmd"
           name="updateEmailStatusEvent"
           public="false"
           responsetype="TEXT"
           result="[updateEmailStatusEventInfo]"
           type="Event">
      <param datatype="STRING" help="updateEmailStatusEventInfo"/>
   </action>
   <action assettype="Create" batch="false" desc="" exposed="false" handleerror="true"
           methodname="runCmd"
           name="act_updateMailStatus"
           public="false"
           responsetype="TEXT"
           type="OnError">
      <param datatype="STRING" help="Status"/>
      <param datatype="STRING" help="RequestId"/>
      <normalaction name="partner_DB_Connector.DML"
                    params="UPDATE CB_EMAILREQUEST SET ACTIONTYPE = [Status] WHERE REQUESTID in ([RequestId])"/>
      <erroraction name="LogLevel =" params="Error:"/>
      <erroraction name="APIName =" params="updateEmailStatus()::act_updateMailStatus:"/>
      <erroraction name="LogMessage =" params="Updating Email Status in CB_EMAILREQUEST table"/>
      <erroraction name="nullout"
                   params="{Connector_Logger.writeLine2([EngineName],[LogLevel][APIName][LogMessage],[PARTITION_ID])}"/>
      <erroraction name="nullout"
                   params="{Connector_Logger.writeLine2([EngineName],[LogLevel][APIName]{Builtin.getLastErrorStack()},[PARTITION_ID])}"/>
      <erroraction name="exception" params="&lt;&lt;&lt;[LogLevel][LogMessage]&gt;&gt;&gt;"/>
      <reference name="Status"/>
      <reference name="RequestId"/>
      <reference name="Connector_Logger.writeLine2"/>
      <reference name="EngineName"/>
      <reference name="LogLevel"/>
      <reference name="APIName"/>
      <reference name="LogMessage"/>
      <reference name="getLastErrorStack"/>
   </action>
   <field assettype="Create" batch="false" datatype="STRING" desc="" exposed="false"
          expression="[ModByAudit]|[AuditParamVal]"
          fieldtype="COMPOSED"
          name="composed_ModBy_AuditParamVal"
          public="false"
          responsetype="TEXT"
          threadlocal="true">
      <reference name="ModByAudit"/>
      <reference name="AuditParamVal"/>
   </field>
   <action assettype="Create" batch="false" desc="" exposed="false" methodname="runCmd"
           name="script_act_updateEmailStatus"
           public="false"
           responsetype="TEXT"
           type="Script">
      <param datatype="STRING" help="RequestIds"/>
      <param datatype="STRING" help="Status"/>
      <script scripttype="Javascript">var logLevel = "Error:";
var APIName = "updateEmailStatus()::script_act_updateEmailStatus:";

var requestIds = onNull.call(RequestIds,"").toString();
var status = onNull.call(Status,"").toString();
var output_audit = "";
var requestId_list = requestIds.split(',');
var listReqId = [];
var invalidFormatList = [];
var invalidList = [];
var deletedList = [];
var selectedList = [];
var updateReqIds = 0;
//REQUESTID VALIDATION CHECK
if(requestIds.localeCompare("") == 0)
{
	v_LogMessage.set("RequestIds are Mandatory");
	Connector_Logger_writeLine2.call(v_EngineName.get(),logLevel+APIName+v_LogMessage.get(),PARTITION_ID);
	Connector_Logger_writeLine2.call(v_EngineName.get(),logLevel+APIName+getLastErrorStack.call(),PARTITION_ID);
	throw "&lt;&lt;&lt; "+ logLevel + v_LogMessage.get() +" &gt;&gt;&gt;";
}
else
{
	//FOR MULTIPLE REQUESTIDS
	for(var i = 0; i &lt; requestId_list.length ; i++)
	{
		//REQUESTIDS FORMAT CHECK
		if(isNaN(requestId_list[i]))
		{
			invalidFormatList.push(requestId_list[i]);
		}
		else
		{
			v_RequestId.set(requestId_list[i]);
			//CHECK FOR EMAIL EXISTANCE FOR INPUT REQUESTIDS
			if(v_ds_countMailForRequestId_countmailforreqid.get() == 0)
			{
				invalidList.push(requestId_list[i]);
			}
			else
			{
				//CHECK FOR REQUESTIDS CONTAINS DELETED EMAIL
				if(v_ds_getActionTypeForRequestId_actiontype.get() == 3)
				{
					deletedList.push(requestId_list[i]);
				}
				else
				{
					selectedList.push(requestId_list[i]);
				}
			}
		}
	}
	//REQUESTIDS WITH INVALID FORMAT
	if( invalidFormatList.length &gt; 0 )
	{
		v_LogMessage.set("Invalid Format for Request Id =" +invalidFormatList.join(","));
		Connector_Logger_writeLine2.call(v_EngineName.get(),logLevel+APIName+v_LogMessage.get(),PARTITION_ID);
		Connector_Logger_writeLine2.call(v_EngineName.get(),logLevel+APIName+getLastErrorStack.call(),PARTITION_ID);
		throw "&lt;&lt;&lt; "+ logLevel + v_LogMessage.get() +" &gt;&gt;&gt;";
	}
	else
	{
		//FOR REQUESTIDS WITH NO ASSOCIATED EMAIL
		if( invalidList.length &gt; 0 )
		{
			v_LogMessage.set("Error!! No Email exists for Request Id =" +invalidList.join(","));
			Connector_Logger_writeLine2.call(v_EngineName.get(),logLevel+APIName+v_LogMessage.get(),PARTITION_ID);
			Connector_Logger_writeLine2.call(v_EngineName.get(),logLevel+APIName+getLastErrorStack.call(),PARTITION_ID);
			throw "&lt;&lt;&lt; "+ logLevel + v_LogMessage.get() +" &gt;&gt;&gt;";
		}
		else
		{
			//FOR REQUESTIDS ASSOCIATED WITH DELETED EMAILS
			if( deletedList.length &gt; 0 )
			{
				v_LogMessage.set("Error!! Emails are deleted for Request Id =" +deletedList.join(","));
				Connector_Logger_writeLine2.call(v_EngineName.get(),logLevel+APIName+v_LogMessage.get(),PARTITION_ID);
				Connector_Logger_writeLine2.call(v_EngineName.get(),logLevel+APIName+getLastErrorStack.call(),PARTITION_ID);
				throw "&lt;&lt;&lt; "+ logLevel + v_LogMessage.get() +" &gt;&gt;&gt;";
			}
			else
			{
				//STATUS VALIDATION CHECK
				if( status.localeCompare("") == 0)
				{
					v_LogMessage.set("Status is Mandatory");
					Connector_Logger_writeLine2.call(v_EngineName.get(),logLevel+APIName+v_LogMessage.get(),PARTITION_ID);
					Connector_Logger_writeLine2.call(v_EngineName.get(),logLevel+APIName+getLastErrorStack.call(),PARTITION_ID);
					throw "&lt;&lt;&lt; "+ logLevel + v_LogMessage.get() +" &gt;&gt;&gt;";
				}
				else
				{
					//STATUS FORMAT CHECK
					if(isNaN(status))
					{
						v_LogMessage.set("Invalid Status");
						Connector_Logger_writeLine2.call(v_EngineName.get(),logLevel+APIName+v_LogMessage.get(),PARTITION_ID);
						Connector_Logger_writeLine2.call(v_EngineName.get(),logLevel+APIName+getLastErrorStack.call(),PARTITION_ID);
						throw "&lt;&lt;&lt; "+ logLevel + v_LogMessage.get() +" &gt;&gt;&gt;";
					}
					else
					{
						//UNCONFIGURED INPUT STATUS CHECK
						if(status != '1' &amp;&amp; status != '2' &amp;&amp; status != '3')
						{
							v_LogMessage.set("Invalid Status, should be 1, 2 or 3");
							Connector_Logger_writeLine2.call(v_EngineName.get(),logLevel+APIName+v_LogMessage.get(),PARTITION_ID);
							Connector_Logger_writeLine2.call(v_EngineName.get(),logLevel+APIName+getLastErrorStack.call(),PARTITION_ID);
							throw "&lt;&lt;&lt; "+ logLevel + v_LogMessage.get() +" &gt;&gt;&gt;";
						}
						else
						{
							updateReqIds = selectedList.join(",");
							act_updateMailStatus.call(status,updateReqIds);
							
							// Audit Trail
							output_audit = "{" + "\"RequestId\": \""+ updateReqIds +"\"," + "\"Status\":" + status + "}";
							v_AuditParamVal.set(output_audit);
						}
					}
				}
			}
		}
	}
}</script>
      <reference name="Connector_Logger.writeLine2"/>
      <reference name="act_updateMailStatus"/>
      <reference name="getLastErrorStack"/>
      <reference name="onNull"/>
      <reference name="LogMessage"/>
      <reference name="RequestId"/>
      <reference name="EngineName"/>
      <reference name="ds_getActionTypeForRequestId.actiontype"/>
      <reference name="ds_countMailForRequestId.countmailforreqid"/>
      <reference name="AuditParamVal"/>
   </action>
   <function assettype="Create" batch="false" desc="" exposed="false" methodname="runCmd"
             name="getHTMLStripped"
             public="false"
             responsetype="TEXT"
             returntype="STRING"
             type="Script">
      <param datatype="STRING" help="inputHTML"/>
      <script scripttype="Javascript">var str = inputHTML;
str = str.replace( /(&lt;([^&gt;]+)&gt;)/ig, '');

str;</script>
   </function>
   <action assettype="Create" batch="false" desc="Sets value of field MasterToken"
           exposed="false"
           field="MasterToken"
           methodname="runCmd"
           name="MasterToken ="
           public="false"
           responsetype="TEXT"
           type="Setter">
      <param datatype="STRING" help="Value of the field MasterToken"/>
   </action>
   <field assettype="Create" batch="false" datatype="STRING" desc="" encrypted="false"
          exposed="false"
          fieldtype="USER"
          name="SearchText"
          public="false"
          responsetype="TEXT"
          threadlocal="true"
          valuestr=""/>
   <function assettype="Create" batch="false" desc="" exposed="false" methodname="runCmd"
             name="script_fnc_getParamStoreFileDetails"
             public="false"
             responsetype="TEXT"
             returntype="STRING"
             type="Script">
      <param datatype="STRING" help="PropertyName"/>
      <param datatype="STRING" help="FileName"/>
      <script scripttype="Javascript">var paramStore = new com.ruleengine.settings.ParamsStore(FileName,true);
var property = paramStore.getParams(com.ruleengine.manager.RuleManager.DEF_PART);
var propertyVal = property.getProperty(PropertyName);
propertyVal;</script>
   </function>
   <field assettype="Create" batch="false" datatype="STRING" desc="" encrypted="false"
          exposed="false"
          fieldtype="USER"
          name="ParamStore_FileName"
          public="false"
          responsetype="TEXT"
          threadlocal="false"
          valuestr="billingcore"/>
   <field assettype="Create" batch="false" datatype="STRING" desc="" encrypted="false"
          exposed="false"
          fieldtype="USER"
          name="Body"
          public="false"
          responsetype="TEXT"
          threadlocal="true"
          valuestr=""/>
   <action assettype="Create" batch="false" desc="Sets value of field SearchText"
           exposed="false"
           field="SearchText"
           methodname="runCmd"
           name="SearchText ="
           public="false"
           responsetype="TEXT"
           type="Setter">
      <param datatype="STRING" help="Value of the field SearchText"/>
   </action>
   <field assettype="Create" batch="false" datatype="STRING" desc="" encrypted="false"
          exposed="false"
          fieldtype="USER"
          name="Property_AdminUser"
          public="false"
          responsetype="TEXT"
          threadlocal="false"
          valuestr="ADMIN_USERID"/>
   <field assettype="Create" batch="false" datatype="STRING" desc="" encrypted="false"
          exposed="false"
          fieldtype="USER"
          name="Property_AdminPassword"
          public="false"
          responsetype="TEXT"
          threadlocal="false"
          valuestr="ADMIN_PASSWORD"/>
   <action assettype="Create" batch="false" desc="Sets value of field Body"
           exposed="false"
           field="Body"
           methodname="runCmd"
           name="Body ="
           public="false"
           responsetype="TEXT"
           type="Setter">
      <param datatype="STRING" help="Value of the field Body"/>
   </action>
   <action assettype="Create" batch="false" desc="" exposed="false" methodname="runCmd"
           name="BounceMail.Stop"
           public="false"
           responsetype="TEXT"
           scheduledaction="BounceMail"
           type="StopScheduler"/>
   <function assettype="Create" authtype="BEARER" batch="false" bearer="[MasterToken]"
             desc=""
             downloadloc=""
             exposed="false"
             isdownload="false"
             method="GET"
             methodname="runCmd"
             name="rc_User.getUserIdForModBy"
             proxyenabled="false"
             public="false"
             rawbody="false"
             rawdata=""
             rawmediatype="TEXT"
             readtimeout="600"
             responsetype="TEXT"
             returntype="STRING"
             type="RestService"
             url="[SERVER_PROTOCOL]://[SERVER_IP]:[SERVER_PORT]/RuleServer/services/User/assets/getUserIdForModBy?UserId=[UserId]"
             writetimeout="600">
      <param datatype="STRING" help="UserId"/>
      <reference name="MasterToken"/>
   </function>
   <action assettype="Create" batch="false" desc="" exposed="false" handleerror="true"
           methodname="runCmd"
           name="act_updateEmailRequest"
           public="false"
           responsetype="TEXT"
           type="OnError">
      <param datatype="INTEGER" help="InputRequestId"/>
      <param datatype="INTEGER" help="Status"/>
      <param datatype="STRING" help="FailureReason"/>
      <normalaction name="partner_DB_Connector.DML"
                    params="UPDATE CB_EMAILREQUEST SET STATUS = [Status]\, SENDINGDATETIME=CURRENT_TIMESTAMP\, SENDRETRYCOUNT = (CASE [Status]&#xA;WHEN 2 THEN SENDRETRYCOUNT+1&#xA;ELSE 0&#xA;END)\, FAILUREREASON = E'[FailureReason]' WHERE REQUESTID = [InputRequestId]"/>
      <erroraction name="LogMessage =" params="Updating email request in CB_EMAILREQUEST table"/>
      <erroraction name="nullout"
                   params="{Connector_Logger.writeLine2([EngineName],[LogLevel][APIName]act_updateEmailRequest:[LogMessage],[PARTITION_ID])}"/>
      <erroraction name="nullout"
                   params="{Connector_Logger.writeLine2([EngineName],[LogLevel][APIName]act_updateEmailRequest:{Builtin.getLastErrorStack()},[PARTITION_ID])}"/>
      <erroraction name="exception" params="&lt;&lt;&lt;[LogLevel][LogMessage]&gt;&gt;&gt;"/>
      <reference name="Status"/>
      <reference name="Connector_Logger.writeLine2"/>
      <reference name="EngineName"/>
      <reference name="LogLevel"/>
      <reference name="APIName"/>
      <reference name="LogMessage"/>
      <reference name="getLastErrorStack"/>
   </action>
   <action assettype="Create" batch="false" desc="" exposed="false" handleerror="true"
           methodname="runCmd"
           name="act_sendEmail"
           public="false"
           responsetype="TEXT"
           type="OnError">
      <normalaction name="nullout"
                    params="{al_CentralEmailConnector.email_act_sendEmail([EmailSubject],[EmailBody],[ds_getEmailRequest.toemailid],[AttachFileName1],[AttachFileName2],[AttachFileName3],[ds_getEmailRequest.requestid])}"/>
      <normalaction name="Status =" params="1"/>
      <normalaction name="ErrorMessage =" params="&#34; &#34;"/>
      <normalaction name="act_script_setStatus" params=""/>
      <erroraction name="LogMessage =" params="Email not send successfully"/>
      <erroraction name="nullout"
                   params="{Connector_Logger.writeLine2([EngineName],[LogLevel][APIName]act_sendEmail:[LogMessage],[PARTITION_ID])}"/>
      <erroraction name="nullout"
                   params="{Connector_Logger.writeLine2([EngineName],[LogLevel][APIName]act_sendEmail:{Builtin.getLastErrorStack()},[PARTITION_ID])}"/>
      <erroraction name="Status =" params="2"/>
      <erroraction name="ErrorMessage =" params="{Builtin.getLastError()}"/>
      <reference name="al_CentralEmailConnector.email_act_sendEmail"/>
      <reference name="EmailSubject"/>
      <reference name="EmailBody"/>
      <reference name="ds_getEmailRequest.toemailid"/>
      <reference name="AttachFileName1"/>
      <reference name="AttachFileName2"/>
      <reference name="AttachFileName3"/>
      <reference name="ds_getEmailRequest.requestid"/>
      <reference name="Connector_Logger.writeLine2"/>
      <reference name="EngineName"/>
      <reference name="LogLevel"/>
      <reference name="APIName"/>
      <reference name="LogMessage"/>
      <reference name="getLastErrorStack"/>
      <reference name="getLastError"/>
   </action>
   <action assettype="Create" batch="false" desc="" exposed="false" methodname="runCmd"
           name="script_act_getMailCount"
           public="false"
           responsetype="TEXT"
           type="Script">
      <param datatype="STRING" help="EmailId"/>
      <param datatype="STRING" help="ActionType"/>
      <script scripttype="Javascript">var logLevel = "Error:";
var APIName = "getEmailCount()::script_act_getMailCount:";

var email = onNull.call(EmailId,"").toString();
var actionType = onNull.call(ActionType,"").toString();
var engineName = v_EngineName.get();

//EMAIL VALIDATION
if(email.localeCompare("") == 0)
{
	v_LogMessage.set("EmailId is mandatory");
	Connector_Logger_writeLine2.call(v_EngineName.get(),logLevel+APIName+v_LogMessage.get(),PARTITION_ID);
	Connector_Logger_writeLine2.call(v_EngineName.get(),logLevel+APIName+getLastErrorStack.call(),PARTITION_ID);
	throw "&lt;&lt;&lt; "+ logLevel + v_LogMessage.get() +" &gt;&gt;&gt;";
}
else
{
	var atSymbol = email.indexOf("@");
	var dot = email.indexOf(".");
	
	//EMAIL FORMAT VALIDATION
    	if(atSymbol &lt; 1 || dot === email.length - 1) 
    	{
		v_LogMessage.set("Invalid EmailId");
		Connector_Logger_writeLine2.call(v_EngineName.get(),logLevel+APIName+v_LogMessage.get(),PARTITION_ID);
		Connector_Logger_writeLine2.call(v_EngineName.get(),logLevel+APIName+getLastErrorStack.call(),PARTITION_ID);
		throw "&lt;&lt;&lt; "+ logLevel + v_LogMessage.get() +" &gt;&gt;&gt;";
    	}
    	else
    	{
		v_EmailId.set(email);
		var adminUsername = "";
		var adminPassword = "";
		try{
			adminUsername = script_fnc_getParamStoreFileDetails.call(v_Property_AdminUser.get(),v_ParamStore_FileName.get());
			adminPassword = script_fnc_getParamStoreFileDetails.call(v_Property_AdminPassword.get(),v_ParamStore_FileName.get());
		}
		catch(e){
			v_LogMessage.set("Reading param store file");
			Connector_Logger_writeLine2.call(v_EngineName.get(),logLevel+APIName+v_LogMessage.get(),PARTITION_ID);
			Connector_Logger_writeLine2.call(v_EngineName.get(),logLevel+APIName+getLastErrorStack.call(),PARTITION_ID);
			throw "&lt;&lt;&lt; "+ logLevel + v_LogMessage.get() +" &gt;&gt;&gt;";
		}
		try{
			v_MasterToken.set(al_UserService_generateLoginToken.call(adminUsername,decrypt.call(adminPassword)));
		}
		catch(e){
			v_LogMessage.set("Generating master token");
			Connector_Logger_writeLine2.call(v_EngineName.get(),logLevel+APIName+v_LogMessage.get(),PARTITION_ID);
			Connector_Logger_writeLine2.call(v_EngineName.get(),logLevel+APIName+getLastErrorStack.call(),PARTITION_ID);
			throw "&lt;&lt;&lt; "+ logLevel + v_LogMessage.get() +" &gt;&gt;&gt;";
		}
		var emailCount = "";
		try{
			emailCount = rc_User_checkEmailId.call(email);
		}
		catch(e){
			v_LogMessage.set("Getting email count");
			Connector_Logger_writeLine2.call(v_EngineName.get(),logLevel+APIName+v_LogMessage.get(),PARTITION_ID);
			Connector_Logger_writeLine2.call(v_EngineName.get(),logLevel+APIName+getLastErrorStack.call(),PARTITION_ID);
			throw "&lt;&lt;&lt; "+ logLevel + v_LogMessage.get() +" &gt;&gt;&gt;";
		}
    		//VALIDATE IF EMAIL IS ASSOCIATED WITH ANY USER
		if(parseInt(emailCount) == 0)
		{
			v_LogMessage.set("Invalid EmailId, Email is not associated with any User");
			Connector_Logger_writeLine2.call(v_EngineName.get(),logLevel+APIName+v_LogMessage.get(),PARTITION_ID);
			Connector_Logger_writeLine2.call(v_EngineName.get(),logLevel+APIName+getLastErrorStack.call(),PARTITION_ID);
			throw "&lt;&lt;&lt; "+ logLevel + v_LogMessage.get() +" &gt;&gt;&gt;";
		}
		else
		{
			//WHEN INPUT ACTIONTYPE IS NOT GIVEN
			if(actionType.localeCompare("") == 0)
			{
				actionType = "(1,2)";
				//v_ActionType.set(actionType);
				//ds_countAllEmails_Refresh.call();
				//v_APIResponse.set(v_ds_countAllEmails_emailcount.get().toString());
			}
			else
			{
				//VALIDATE IF ACTION TYPE IS NOT NUMBER
				if(isNaN(actionType))
				{
					v_LogMessage.set("Invalid ActionType format");
					Connector_Logger_writeLine2.call(v_EngineName.get(),logLevel+APIName+v_LogMessage.get(),PARTITION_ID);
					Connector_Logger_writeLine2.call(v_EngineName.get(),logLevel+APIName+getLastErrorStack.call(),PARTITION_ID);
					throw "&lt;&lt;&lt; "+ logLevel + v_LogMessage.get() +" &gt;&gt;&gt;";
				}
				else
				{
					//VALIDATE IF INPUT ACTION TYPE IS UNCONFIGURED
					if(actionType != '1' &amp;&amp; actionType!='2' &amp;&amp; actionType!='3')
					{
						v_LogMessage.set("Invalid ActionType! Action Type ca be 1, 2 or 3");
						Connector_Logger_writeLine2.call(v_EngineName.get(),logLevel+APIName+v_LogMessage.get(),PARTITION_ID);
						Connector_Logger_writeLine2.call(v_EngineName.get(),logLevel+APIName+getLastErrorStack.call(),PARTITION_ID);
						throw "&lt;&lt;&lt; "+ logLevel + v_LogMessage.get() +" &gt;&gt;&gt;";
					}
					else
					{
						actionType = "("+actionType+")"
						//print("ActionType =" +actionType);
						//v_ActionType.set(actionType);
						//ds_countAllEmails_Refresh.call();
						//v_APIResponse.set(v_ds_countAllEmails_emailcount.get().toString());
					}
					
				}
			}
			v_ActionType.set(actionType);
			try{
				ds_countAllEmails_Refresh.call();				
			}
			catch(err){
				v_LogMessage.set("getting email count");
				Connector_Logger_writeLine2.call(v_EngineName.get(),logLevel+APIName+v_LogMessage.get(),PARTITION_ID);
				Connector_Logger_writeLine2.call(v_EngineName.get(),logLevel+APIName+getLastErrorStack.call(),PARTITION_ID);
				throw "&lt;&lt;&lt; "+ logLevel + v_LogMessage.get() +" &gt;&gt;&gt;";				
			}
			v_APIResponse.set(v_ds_countAllEmails_emailcount.get().toString());
		}
    	}
}
</script>
      <reference name="Connector_Logger.writeLine2"/>
      <reference name="ds_countAllEmails.Refresh"/>
      <reference name="getLastErrorStack"/>
      <reference name="onNull"/>
      <reference name="decrypt"/>
      <reference name="rc_User.checkEmailId"/>
      <reference name="al_UserService.generateLoginToken"/>
      <reference name="script_fnc_getParamStoreFileDetails"/>
      <reference name="LogMessage"/>
      <reference name="EngineName"/>
      <reference name="EmailId"/>
      <reference name="APIResponse"/>
      <reference name="ActionType"/>
      <reference name="ds_countAllEmails.emailcount"/>
      <reference name="MasterToken"/>
      <reference name="ParamStore_FileName"/>
      <reference name="Property_AdminUser"/>
      <reference name="Property_AdminPassword"/>
   </action>
   <function assettype="Read" batch="false"
             desc="This API is used to get Email count based on Input Email Id and it's Action Type (1-Unread, 2-Read, 3-Deleted)"
             exposed="true"
             expression="[APIResponse]"
             methodname="runCmd"
             name="getEmailCount"
             public="false"
             responsetype="TEXT"
             returntype="STRING"
             type="Result">
      <param datatype="STRING" help="EmailId"/>
      <param datatype="STRING" help="ActionType"/>
      <action name="script_act_getMailCount" params="[EmailId],[ActionType]"/>
      <reference name="EmailId"/>
      <reference name="ActionType"/>
      <reference name="APIResponse"/>
   </function>
   <action assettype="Create" batch="false"
           desc="Sets value of field Property_AdminPassword"
           exposed="false"
           field="Property_AdminPassword"
           methodname="runCmd"
           name="Property_AdminPassword ="
           public="false"
           responsetype="TEXT"
           type="Setter">
      <param datatype="STRING" help="Value of the field Property_AdminPassword"/>
   </action>
   <action assettype="Create" batch="false" desc="Sets value of field Property_AdminUser"
           exposed="false"
           field="Property_AdminUser"
           methodname="runCmd"
           name="Property_AdminUser ="
           public="false"
           responsetype="TEXT"
           type="Setter">
      <param datatype="STRING" help="Value of the field Property_AdminUser"/>
   </action>
   <action assettype="Create" batch="false" desc="Sets value of field ParamStore_FileName"
           exposed="false"
           field="ParamStore_FileName"
           methodname="runCmd"
           name="ParamStore_FileName ="
           public="false"
           responsetype="TEXT"
           type="Setter">
      <param datatype="STRING" help="Value of the field ParamStore_FileName"/>
   </action>
   <action assettype="Create" batch="false" desc="" exposed="false" methodname="runCmd"
           name="script_act_setModByAudit"
           public="false"
           responsetype="TEXT"
           type="Script">
      <param datatype="STRING" help="modBy"/>
      <script scripttype="Javascript">var apiName = "Email::script_act_setModByAudit:";
var logMsg = "";
var logLevel = "Error: ";
var adminUsername = "";
var adminPassword = "";


try{
	adminUsername = script_fnc_getParamStoreFileDetails.call(v_Property_AdminUser.get(),v_ParamStore_FileName.get());
	adminPassword = script_fnc_getParamStoreFileDetails.call(v_Property_AdminPassword.get(),v_ParamStore_FileName.get());
}
catch(e){
	logMsg = "Reading param store file::";
	Connector_Logger_writeLine2.call(v_EngineName.get(),logLevel+apiName+logMsg,PARTITION_ID);
	Connector_Logger_writeLine2.call(v_EngineName.get(),logLevel+apiName+getLastErrorStack.call(),PARTITION_ID);
	throw "&lt;&lt;&lt; "+ logLevel + logMsg +" &gt;&gt;&gt;";
}

try{
	v_MasterToken.set(al_UserService_generateLoginToken.call(adminUsername,decrypt.call(adminPassword)));
}
catch(e){
	logMsg = "Generating master token::";
	Connector_Logger_writeLine2.call(v_EngineName.get(),logLevel+apiName+logMsg,PARTITION_ID);
	Connector_Logger_writeLine2.call(v_EngineName.get(),logLevel+apiName+getLastErrorStack.call(),PARTITION_ID);
	throw "&lt;&lt;&lt; "+ logLevel + logMsg +" &gt;&gt;&gt;";
}

var userId = rc_User_getUserIdForModBy.call(contextUsername.call());
v_ModByAudit.set(userId);</script>
      <reference name="Connector_Logger.writeLine2"/>
      <reference name="getLastErrorStack"/>
      <reference name="decrypt"/>
      <reference name="contextUsername"/>
      <reference name="al_UserService.generateLoginToken"/>
      <reference name="script_fnc_getParamStoreFileDetails"/>
      <reference name="rc_User.getUserIdForModBy"/>
      <reference name="EngineName"/>
      <reference name="MasterToken"/>
      <reference name="ModByAudit"/>
      <reference name="ParamStore_FileName"/>
      <reference name="Property_AdminUser"/>
      <reference name="Property_AdminPassword"/>
   </action>
   <action assettype="Create" batch="false" breakonsuccess="false" desc="" exposed="true"
           methodname="runCmd"
           name="seq_sendEmailCronJobStop"
           public="false"
           responsetype="TEXT"
           serialized="false"
           threadmode="false"
           type="Sequence">
      <subscriber action="LogLevel =" params="Error:"/>
      <subscriber action="APIName =" params="seq_sendEmailCronJobStop()::"/>
      <subscriber action="nullout" params="{SendEmail.Stop()}"/>
      <subscriber action="act_updateJobStatus" params="4,0"/>
      <reference name="SendEmail.Stop"/>
   </action>
   <action assettype="Create" batch="false" breakonsuccess="false" desc="" exposed="true"
           methodname="runCmd"
           name="seq_sendEmailCronJob"
           public="false"
           responsetype="TEXT"
           serialized="false"
           threadmode="false"
           type="Sequence">
      <subscriber action="LogLevel =" params="Error:"/>
      <subscriber action="APIName =" params="seq_sendEmailCronJob()::"/>
      <subscriber action="PartnerToken =" params="{script_fnc_getToken()}"/>
      <subscriber action="nullout" params="{SendEmail()}"/>
      <subscriber action="act_updateJobStatus" params="4,1"/>
      <reference name="script_fnc_getToken"/>
      <reference name="SendEmail"/>
   </action>
   <action assettype="Create" batch="false" breakonsuccess="false" desc="" exposed="true"
           methodname="runCmd"
           name="seq_bounceMailCronJob"
           public="false"
           responsetype="TEXT"
           serialized="false"
           threadmode="false"
           type="Sequence">
      <subscriber action="LogLevel =" params="Error:"/>
      <subscriber action="APIName =" params="seq_bounceMailCronJob()::"/>
      <subscriber action="PartnerToken =" params="{script_fnc_getToken()}"/>
      <subscriber action="nullout" params="{BounceMail()}"/>
      <subscriber action="act_updateJobStatus" params="5,1"/>
      <reference name="script_fnc_getToken"/>
      <reference name="BounceMail"/>
   </action>
   <action assettype="Create" batch="false" desc="" exposed="false" methodname="runCmd"
           name="script_act_getEmails"
           public="false"
           responsetype="TEXT"
           type="Script">
      <param datatype="STRING" help="EmailId"/>
      <param datatype="STRING" help="StartIndex"/>
      <param datatype="STRING" help="StartDate"/>
      <param datatype="STRING" help="EndDate"/>
      <param datatype="STRING" help="ActionType"/>
      <param datatype="STRING" help="SearchText"/>
      <script scripttype="Javascript">var logLevel = "Error:";
var APIName = "getEmails()::script_act_getEmails:";

var engineName = v_EngineName.get();
var email = onNull.call(EmailId,"").toString();
var startIndex = onNull.call(StartIndex,"").toString();
var StartIndex = parseInt(startIndex);
var startDate = onNull.call(StartDate,"").toString();
var StartDate = new Date(startDate);
var endDate = onNull.call(EndDate,"").toString();
var StopDate = new Date(endDate);
var actionType = onNull.call(ActionType,"").toString();
var recordOffset = "";
try{
	recordOffset = getPartnerSettingsValue.call("EmailRecordOffset");
}
catch(e){
	v_LogMessage.set("Getting partner settings value for Email Record Offset");
	Connector_Logger_writeLine2.call(v_EngineName.get(),logLevel+APIName+v_LogMessage.get(),PARTITION_ID);
	Connector_Logger_writeLine2.call(v_EngineName.get(),logLevel+APIName+getLastErrorStack.call(),PARTITION_ID);
	throw "&lt;&lt;&lt; "+ logLevel + v_LogMessage.get() +" &gt;&gt;&gt;";
}
var searchText = onNull.call(SearchText,"").toString();
var dateToString = "TO_CHAR(REQUESTDATETIME, 'DD-Mon-YYYY HH24:MI:SS') as DATETIME";
sql = "SELECT REQUESTID, SUBJECT, BODY, ACTIONTYPE, " + dateToString + " FROM CB_EMAILREQUEST where toemailid = '" + email + "' and status = 1 ";
var count = -1;

//EMAIL VALIDATION
if(email.localeCompare("") == 0)
{
	v_LogMessage.set("EmailId is mandatory");
	Connector_Logger_writeLine2.call(v_EngineName.get(),logLevel+APIName+v_LogMessage.get(),PARTITION_ID);
	Connector_Logger_writeLine2.call(v_EngineName.get(),logLevel+APIName+getLastErrorStack.call(),PARTITION_ID);
	throw "&lt;&lt;&lt; "+ logLevel + v_LogMessage.get() +" &gt;&gt;&gt;";
}
else
{
	// START INDEX VALIDATION 
	if(startIndex.localeCompare("") == 0)
	{
		v_LogMessage.set("Start Index is mandatory");
		Connector_Logger_writeLine2.call(v_EngineName.get(),logLevel+APIName+v_LogMessage.get(),PARTITION_ID);
		Connector_Logger_writeLine2.call(v_EngineName.get(),logLevel+APIName+getLastErrorStack.call(),PARTITION_ID);
		throw "&lt;&lt;&lt; "+ logLevel + v_LogMessage.get() +" &gt;&gt;&gt;";
	}
	else
	{
		var atSymbol = email.indexOf("@");
		var dot = email.indexOf(".");

		//CHECK IF EMAIL IS INVALID
    		if(atSymbol &lt; 1 || dot === email.length - 1) 
    		{
			v_LogMessage.set("Invalid EmailId");
			Connector_Logger_writeLine2.call(v_EngineName.get(),logLevel+APIName+v_LogMessage.get(),PARTITION_ID);
			Connector_Logger_writeLine2.call(v_EngineName.get(),logLevel+APIName+getLastErrorStack.call(),PARTITION_ID);
			throw "&lt;&lt;&lt; "+ logLevel + v_LogMessage.get() +" &gt;&gt;&gt;";
    		}
    		else
    		{
    			v_EmailId.set(email);
    			var adminUsername = "";
    			var adminPassword = "";
    			try{
				adminUsername = script_fnc_getParamStoreFileDetails.call(v_Property_AdminUser.get(),v_ParamStore_FileName.get());
				adminPassword = script_fnc_getParamStoreFileDetails.call(v_Property_AdminPassword.get(),v_ParamStore_FileName.get());
    			}
    			catch(e){
    				v_LogMessage.set("Reading param store file");
				Connector_Logger_writeLine2.call(v_EngineName.get(),logLevel+APIName+v_LogMessage.get(),PARTITION_ID);
				Connector_Logger_writeLine2.call(v_EngineName.get(),logLevel+APIName+getLastErrorStack.call(),PARTITION_ID);
				throw "&lt;&lt;&lt; "+ logLevel + v_LogMessage.get() +" &gt;&gt;&gt;";
    			}
    			try{
				v_MasterToken.set(al_UserService_generateLoginToken.call(adminUsername,decrypt.call(adminPassword)));
    			}
    			catch(e){
    				v_LogMessage.set("Generating master token");
				Connector_Logger_writeLine2.call(v_EngineName.get(),logLevel+APIName+v_LogMessage.get(),PARTITION_ID);
				Connector_Logger_writeLine2.call(v_EngineName.get(),logLevel+APIName+getLastErrorStack.call(),PARTITION_ID);
				throw "&lt;&lt;&lt; "+ logLevel + v_LogMessage.get() +" &gt;&gt;&gt;";
    			}
    			var emailCount = "";
    			try{
    				emailCount = rc_User_checkEmailId.call(email);
    			}
    			catch(e){
    				v_LogMessage.set("Getting email count");
				Connector_Logger_writeLine2.call(v_EngineName.get(),logLevel+APIName+v_LogMessage.get(),PARTITION_ID);
				Connector_Logger_writeLine2.call(v_EngineName.get(),logLevel+APIName+getLastErrorStack.call(),PARTITION_ID);
				throw "&lt;&lt;&lt; "+ logLevel + v_LogMessage.get() +" &gt;&gt;&gt;";
    			}

    			//CHECK IF EMAIL IS NOT ASSOCIATED WITH ANY USER
    			if(parseInt(emailCount) == 0)
    			{
				v_LogMessage.set("Invalid Email Id! Email is not associated with any user");
				Connector_Logger_writeLine2.call(v_EngineName.get(),logLevel+APIName+v_LogMessage.get(),PARTITION_ID);
				Connector_Logger_writeLine2.call(v_EngineName.get(),logLevel+APIName+getLastErrorStack.call(),PARTITION_ID);
				throw "&lt;&lt;&lt; "+ logLevel + v_LogMessage.get() +" &gt;&gt;&gt;";
    			}
    			else
    			{
    				//STARTINDEX FORMAT VALIDATION
	    			if(isNaN(startIndex))
	    			{
					v_LogMessage.set("Invalid Start Index");
					Connector_Logger_writeLine2.call(v_EngineName.get(),logLevel+APIName+v_LogMessage.get(),PARTITION_ID);
					Connector_Logger_writeLine2.call(v_EngineName.get(),logLevel+APIName+getLastErrorStack.call(),PARTITION_ID);
					throw "&lt;&lt;&lt; "+ logLevel + v_LogMessage.get() +" &gt;&gt;&gt;";
	    			}
    				else
	    			{
	    				//VALIDATE IF STARTINDEX IS NEGATIVE
	    				if(startIndex &lt; 0)
	    				{
						v_LogMessage.set("Invalid start index, start index cannot be negative");
						Connector_Logger_writeLine2.call(v_EngineName.get(),logLevel+APIName+v_LogMessage.get(),PARTITION_ID);
						Connector_Logger_writeLine2.call(v_EngineName.get(),logLevel+APIName+getLastErrorStack.call(),PARTITION_ID);
						throw "&lt;&lt;&lt; "+ logLevel + v_LogMessage.get() +" &gt;&gt;&gt;";
	    				}
	    				else
	    				{
	    					//WHEN NO DATA IS PRESENT FOR INPUT EMAILID
		    				if(v_ds_countMailForId_countmail.get() == 0)
		    				{
		    					count = 0;
		    				}
		    				else
		    				{
		    					//INPUT STARTDATE IS GIVEN
		    					if(startDate.localeCompare("") != 0)
		    					{
		    						//STARTDATE FORMAT VALIDATION
								if(isNaN(StartDate.getTime()))
								{
									v_LogMessage.set("Invalid StartDate format");
									Connector_Logger_writeLine2.call(v_EngineName.get(),logLevel+APIName+v_LogMessage.get(),PARTITION_ID);
									Connector_Logger_writeLine2.call(v_EngineName.get(),logLevel+APIName+getLastErrorStack.call(),PARTITION_ID);
									throw "&lt;&lt;&lt; "+ logLevel + v_LogMessage.get() +" &gt;&gt;&gt;";
								}
								else
								{
									sql = sql + " and REQUESTDATETIME &gt;= '" + startDate + "' ";
								}
		    						
		    					}
		    					//INPUT ENDDATE IS GIVEN
		    					if(endDate.localeCompare("") != 0)
		    					{
		    						//STOPDATE FORMAT VALIDATION
								if(isNaN(StopDate.getTime()))
								{
									v_LogMessage.set("Invalid EndDate format");
									Connector_Logger_writeLine2.call(v_EngineName.get(),logLevel+APIName+v_LogMessage.get(),PARTITION_ID);
									Connector_Logger_writeLine2.call(v_EngineName.get(),logLevel+APIName+getLastErrorStack.call(),PARTITION_ID);
									throw "&lt;&lt;&lt; "+ logLevel + v_LogMessage.get() +" &gt;&gt;&gt;";
								}
								else
								{
									//WHEN INPUT STARTDATE IS GIVEN ALONG WITH STOPDATE
			    						if(startDate.localeCompare("") != 0)
			    						{
			    							//VALIDATE IF ENDDATE IS EARLIER THAN STARTDATE
			    							if(StartDate.getTime() &gt; StopDate.getTime())
			    							{
											v_LogMessage.set("StartDate cannot be greater than EndDate");
											Connector_Logger_writeLine2.call(v_EngineName.get(),logLevel+APIName+v_LogMessage.get(),PARTITION_ID);
											Connector_Logger_writeLine2.call(v_EngineName.get(),logLevel+APIName+getLastErrorStack.call(),PARTITION_ID);
											throw "&lt;&lt;&lt; "+ logLevel + v_LogMessage.get() +" &gt;&gt;&gt;";
			    							}
			    							else
			    							{
			    								sql = sql + " and REQUESTDATETIME:: date between date '" + startDate + "' and date '" +endDate+ "' ";
			    							}
			    						}
			    						else
			    						{
			    							sql = sql + " and REQUESTDATETIME:: date &lt;= date '" + endDate + "' ";
			    						}
								}
		    					}
		    					//ACTIONTYPE VALIDATION
		    					if(actionType.localeCompare("") != 0)
		    					{
		    						//ACTIONTYPE FORMAT VALIDATION
		    						if(isNaN(actionType))
		    						{
									v_LogMessage.set("Invalid ActionType format");
									Connector_Logger_writeLine2.call(v_EngineName.get(),logLevel+APIName+v_LogMessage.get(),PARTITION_ID);
									Connector_Logger_writeLine2.call(v_EngineName.get(),logLevel+APIName+getLastErrorStack.call(),PARTITION_ID);
									throw "&lt;&lt;&lt; "+ logLevel + v_LogMessage.get() +" &gt;&gt;&gt;";
		    						}
		    						else
		    						{
		    							//VALIDATE IF INPUT ACTIONTYPE IS UNCONFIGURED
		    							if(actionType != 1 &amp;&amp; actionType != 2 &amp;&amp; actionType != 3)
		    							{
										v_LogMessage.set("Invalid ActionType, ActionType must be 1, 2 or 3");
										Connector_Logger_writeLine2.call(v_EngineName.get(),logLevel+APIName+v_LogMessage.get(),PARTITION_ID);
										Connector_Logger_writeLine2.call(v_EngineName.get(),logLevel+APIName+getLastErrorStack.call(),PARTITION_ID);
										throw "&lt;&lt;&lt; "+ logLevel + v_LogMessage.get() +" &gt;&gt;&gt;";
		    							}
		    							else
		    							{
		    								sql = sql + " and actiontype = " + actionType + " ";
		    							}
		    						}
		    					}
		    					else
		    					{
		    						sql = sql + " and actiontype in (1,2) ";
		    					}

		    					//WHEN SEARCHTEXT IS GIVEN AS INPUT
		    					if(searchText.localeCompare("") != 0)
		    					{
		    						//v_SearchText.set(searchText);
		    						sql = sql + " and bodytext ilike '%" +searchText+ "%' order by requestdatetime::timestamptz desc limit " +recordOffset+ " offset " +StartIndex+ "";
		    						v_SQL.set(sql);
		    					}
		    					else
		    					{
		    						sql = sql + "order by requestdatetime::timestamptz desc limit " +recordOffset+ " offset " +StartIndex+ "";
		    						v_SQL.set(sql);
		    					}
		    				}
	    				}
	    			}
    			}
    		}
    	}	
}
if(count == 0){
	v_APIResponse.set(count.toString());
}
else{
	ds_getMailDetails_Refresh.call();
	v_APIResponse.set(mdl_getEmail_Json.call());
}</script>
      <reference name="Connector_Logger.writeLine2"/>
      <reference name="ds_getMailDetails.Refresh"/>
      <reference name="getLastErrorStack"/>
      <reference name="onNull"/>
      <reference name="decrypt"/>
      <reference name="getPartnerSettingsValue"/>
      <reference name="mdl_getEmail.Json"/>
      <reference name="rc_User.checkEmailId"/>
      <reference name="al_UserService.generateLoginToken"/>
      <reference name="script_fnc_getParamStoreFileDetails"/>
      <reference name="LogMessage"/>
      <reference name="EngineName"/>
      <reference name="EmailId"/>
      <reference name="APIResponse"/>
      <reference name="ds_countMailForId.countmail"/>
      <reference name="SQL"/>
      <reference name="MasterToken"/>
      <reference name="SearchText"/>
      <reference name="ParamStore_FileName"/>
      <reference name="Property_AdminUser"/>
      <reference name="Property_AdminPassword"/>
   </action>
   <action assettype="Create" batch="false" desc="" exposed="false" methodname="runCmd"
           name="act_bounceEmail"
           public="false"
           responsetype="TEXT"
           type="Script">
      <script scripttype="Javascript">var logLevel = "Error:";
var APIName = "seq_bounceMail()::act_bounceEmail:";

ds_getEmailRequest_Refresh.call();
try{
	v_MaximumAlertRetryCount.set(getPartnerSettingsValue.call("MaximumAlertRetryCount"));
}
catch(e){
	v_LogMessage.set("Getting partner settings value for Maximum Alert Retry Count");
	Connector_Logger_writeLine2.call(v_EngineName.get(),logLevel+APIName+v_LogMessage.get(),PARTITION_ID);
	Connector_Logger_writeLine2.call(v_EngineName.get(),logLevel+APIName+getLastErrorStack.call(),PARTITION_ID);
	throw "&lt;&lt;&lt; "+ logLevel + v_LogMessage.get() +" &gt;&gt;&gt;";
}
job_mailRequestId.call();
ds_Email_Refresh.call();
ds_Email_RefreshStats.call();
var bounceReqId = v_BounceMailRequestId.get();
var reqId = v_RequestId.get();
var bounceReqId_onNull = onNull.call(bounceReqId,"").toString();
var reqId_onNull = onNull.call(reqId,"").toString();

if(ds_Email_BMT_RequestId_Count.call() &gt; 0)
{
	v_BounceMailRequestId.set(v_ds_Email_BMT_RequestId.get());
	
	if(bounceReqId_onNull.localeCompare("") !=0 || reqId_onNull.localeCompare("") !=0)
	{
		if(bounceReqId_onNull.localeCompare(reqId_onNull) == 0)
		{
			v_BMTStatus.set(removeextraspace.call(v_ds_Email_BMT_Status.get()));
			v_ErrorMessage.set(script_fnc_CheckBMTStatus.call());
		}
		else
		{
			v_Status.set(1);
			v_ErrorMessage.set("");
		}
	}
}
else
{
	v_Status.set(1);
	v_ErrorMessage.set("");
}

if(reqId_onNull.localeCompare("") !=0)
{
	v_LogLevel.set(logLevel);
	v_APIName.set("seq_bounceMail()::");
	act_updateEmailRequest.call(v_RequestId.get(),v_Status.get(),v_ErrorMessage.get());
}



</script>
      <reference name="ds_getEmailRequest.Refresh"/>
      <reference name="Connector_Logger.writeLine2"/>
      <reference name="job_mailRequestId"/>
      <reference name="ds_Email.Refresh"/>
      <reference name="ds_Email.RefreshStats"/>
      <reference name="act_updateEmailRequest"/>
      <reference name="removeextraspace"/>
      <reference name="getLastErrorStack"/>
      <reference name="onNull"/>
      <reference name="ds_Email.BMT_RequestId.Count"/>
      <reference name="script_fnc_CheckBMTStatus"/>
      <reference name="getPartnerSettingsValue"/>
      <reference name="ErrorMessage"/>
      <reference name="Status"/>
      <reference name="MaximumAlertRetryCount"/>
      <reference name="LogMessage"/>
      <reference name="RequestId"/>
      <reference name="EngineName"/>
      <reference name="ds_Email.BMT_RequestId"/>
      <reference name="BounceMailRequestId"/>
      <reference name="BMTStatus"/>
      <reference name="ds_Email.BMT_Status"/>
      <reference name="APIName"/>
      <reference name="LogLevel"/>
   </action>
   <function assettype="Read" batch="false" desc="" exposed="true"
             expression="[APIResponse]"
             methodname="runCmd"
             name="getEmails"
             public="false"
             responsetype="JSON"
             returntype="STRING"
             type="Result">
      <param datatype="STRING" help="EmailId"/>
      <param datatype="STRING" help="StartIndex"/>
      <param datatype="STRING" help="StartDate"/>
      <param datatype="STRING" help="EndDate"/>
      <param datatype="STRING" help="ActionType"/>
      <param datatype="STRING" help="SearchText"/>
      <action name="script_act_getEmails"
              params="[EmailId],[StartIndex],[StartDate],[EndDate],[ActionType],[SearchText]"/>
      <reference name="EmailId"/>
      <reference name="ActionType"/>
      <reference name="SearchText"/>
      <reference name="APIResponse"/>
   </function>
   <action assettype="Create" batch="false" breakonsuccess="false" desc="" exposed="true"
           methodname="runCmd"
           name="seq_bounceMail"
           public="false"
           responsetype="TEXT"
           serialized="false"
           threadmode="false"
           type="Sequence">
      <subscriber action="PartnerToken =" params="{script_fnc_getToken()}"/>
      <subscriber action="act_bounceEmail" params=""/>
      <reference name="script_fnc_getToken"/>
   </action>
   <action assettype="Create" batch="false" breakonsuccess="false" desc="" exposed="true"
           methodname="runCmd"
           name="seq_bounceMailCronJobStop"
           public="false"
           responsetype="TEXT"
           serialized="false"
           threadmode="false"
           type="Sequence">
      <subscriber action="LogLevel =" params="Error:"/>
      <subscriber action="APIName =" params="seq_bounceMailCronJobStop()::"/>
      <subscriber action="nullout" params="{BounceMail.Stop()}"/>
      <subscriber action="act_updateJobStatus" params="5,0"/>
      <reference name="BounceMail.Stop"/>
   </action>
   <action assettype="Create" batch="false" breakonerror="false"
           datasource="ds_getEmailRequest"
           desc=""
           exposed="false"
           methodname="runCmd"
           name="job_sendEmail"
           numrows=""
           numthreads="1"
           public="false"
           responsetype="TEXT"
           type="Job">
      <member name="PartitionId =" params="[PARTITION_ID]"/>
      <member name="RequestId =" params="[ds_getEmailRequest.requestid]"/>
      <member name="EmailSubject =" params="[ds_getEmailRequest.subject]"/>
      <member name="EmailBody =" params="[ds_getEmailRequest.body]"/>
      <member name="script_actsetAttachements"
              params="[ds_getEmailRequest.attachmentpath],[ds_getEmailRequest.attachedfilenamelist]"/>
      <member name="act_sendEmail" params=""/>
      <member name="act_updateEmailRequest"
              params="[ds_getEmailRequest.requestid],[Status],{script_fnc_checkFaultReason([ErrorMessage])}"/>
      <reference name="ds_getEmailRequest.requestid"/>
      <reference name="ds_getEmailRequest.subject"/>
      <reference name="ds_getEmailRequest.body"/>
      <reference name="ds_getEmailRequest.attachmentpath"/>
      <reference name="ds_getEmailRequest.attachedfilenamelist"/>
      <reference name="Status"/>
      <reference name="script_fnc_checkFaultReason"/>
      <reference name="ErrorMessage"/>
   </action>
   <action assettype="Update" batch="false" breakonsuccess="false"
           desc="This API is used to Update the email status."
           exposed="true"
           methodname="runCmd"
           name="updateEmailStatus"
           public="false"
           responsetype="TEXT"
           serialized="false"
           threadmode="false"
           type="Sequence">
      <param datatype="STRING" help="RequestIds"/>
      <param datatype="STRING" help="Status"/>
      <param datatype="STRING" help="ModBy"/>
      <subscriber action="script_act_updateEmailStatus" params="[RequestIds],[Status]"/>
      <subscriber action="script_act_setModByAudit" params="[ModBy]"/>
      <subscriber action="updateEmailStatusEvent" params="[composed_ModBy_AuditParamVal]"/>
      <reference name="Status"/>
      <reference name="composed_ModBy_AuditParamVal"/>
   </action>
   <action assettype="Create" batch="false" breakonsuccess="false" desc="" exposed="true"
           methodname="runCmd"
           name="seq_sendEmail"
           public="false"
           responsetype="TEXT"
           serialized="false"
           threadmode="false"
           type="Sequence">
      <subscriber action="LogLevel =" params="Error:"/>
      <subscriber action="APIName =" params="seq_sendEmail()::"/>
      <subscriber action="PartnerToken =" params="{script_fnc_getToken()}"/>
      <subscriber action="ds_getEmailRequest.Refresh" params=""/>
      <subscriber action="MaximumAlertRetryCount ="
                  params="{getPartnerSettingsValue(MaximumAlertRetryCount)}"/>
      <subscriber action="job_sendEmail" params=""/>
      <reference name="script_fnc_getToken"/>
      <reference name="getPartnerSettingsValue"/>
   </action>
</rulesconfig>