<?xml version="1.0" encoding="UTF-8"?>
<rulesconfig version="4.2.1_2">
   <jardir>D:\PARE</jardir>
   <jarname>output</jarname>
   <bundle_version>111</bundle_version>
   <serviceport>8080</serviceport>
   <nativeevaluator>false</nativeevaluator>
   <onload/>
   <field assettype="Create" batch="false" datatype="STRING" desc="" encrypted="false"
          exposed="false"
          fieldtype="USER"
          name="token"
          public="false"
          responsetype="TEXT"
          threadlocal="true"
          valuestr=""/>
   <function assettype="Create" authtype="BEARER" batch="false" bearer="[token]" desc=""
             downloadloc=""
             exposed="false"
             isdownload="false"
             method="POST"
             methodname="runCmd"
             name="setWebhook"
             proxyenabled="false"
             public="false"
             rawbody="false"
             rawdata=""
             rawmediatype="TEXT"
             readtimeout="600"
             responsetype="TEXT"
             returntype="STRING"
             type="RestService"
             url="[SERVER_PROTOCOL]://[SERVER_IP]:[SERVER_PORT]/RuleServer/services/[engine]/events/[event]"
             writetimeout="600">
      <param datatype="STRING" help="name"/>
      <param datatype="STRING" help="url"/>
      <param datatype="STRING" help="engine"/>
      <param datatype="STRING" help="event"/>
      <param datatype="STRING" help="secret"/>
      <body key="auth" value="Bearer [token]"/>
      <body key="name" value="[name]"/>
      <body key="secret" value="[secret]"/>
      <body key="url" value="[url]"/>
      <reference name="token"/>
   </function>
   <function assettype="Create" authtype="BEARER" batch="false"
             bearer="{Builtin.contextAccessToken()}"
             desc=""
             downloadloc=""
             exposed="false"
             isdownload="false"
             method="GET"
             methodname="runCmd"
             name="getWebhookEvents"
             proxyenabled="false"
             public="false"
             rawbody="false"
             rawdata=""
             rawmediatype="TEXT"
             readtimeout="600"
             responsetype="TEXT"
             returntype="STRING"
             type="RestService"
             url="[SERVER_PROTOCOL]://[SERVER_IP]:[SERVER_PORT]/RuleServer/services/[engine]/events"
             writetimeout="600">
      <param datatype="STRING" help="engine"/>
      <reference name="contextAccessToken"/>
   </function>
   <action assettype="Create" batch="false" desc="Sets value of field token"
           exposed="false"
           field="token"
           methodname="runCmd"
           name="token ="
           public="false"
           responsetype="TEXT"
           type="Setter">
      <param datatype="STRING" help="Value of the field token"/>
   </action>
   <function assettype="Create" batch="false" desc="" exposed="false" methodname="runCmd"
             name="script_fnc_getToken"
             public="false"
             responsetype="TEXT"
             returntype="STRING"
             type="Script">
      <script scripttype="Javascript">str = contextHttpHeader.call("Authorization");
token = getToken.call(str,"Bearer",1);
token;</script>
      <reference name="getToken"/>
      <reference name="contextHttpHeader"/>
   </function>
   <field assettype="Create" batch="false" datatype="STRING" desc="" encrypted="false"
          exposed="false"
          fieldtype="USER"
          name="PartnerToken"
          public="false"
          responsetype="TEXT"
          threadlocal="true"
          valuestr=""/>
   <action assettype="Create" batch="false" breakonsuccess="false" desc="" exposed="false"
           methodname="runCmd"
           name="seq_setWebhook"
           public="false"
           responsetype="TEXT"
           serialized="false"
           threadmode="false"
           type="Sequence">
      <param datatype="STRING" help="Name"/>
      <param datatype="STRING" help="URL"/>
      <param datatype="STRING" help="Engine"/>
      <param datatype="STRING" help="Event"/>
      <param datatype="STRING" help="Secret"/>
      <subscriber action="token =" params="{script_fnc_getToken()}"/>
      <subscriber action="nullout" params="{setWebhook([Name],[URL],[Engine],[Event],[Secret])}"/>
      <reference name="script_fnc_getToken"/>
      <reference name="setWebhook"/>
   </action>
   <function assettype="Create" authtype="BEARER" batch="false"
             bearer="{Builtin.contextAccessToken()}"
             desc=""
             downloadloc=""
             exposed="false"
             isdownload="false"
             method="POST"
             methodname="runCmd"
             name="setPartnerWebhook"
             proxyenabled="false"
             public="false"
             rawbody="false"
             rawdata=""
             rawmediatype="TEXT"
             readtimeout="600"
             responsetype="TEXT"
             returntype="STRING"
             type="RestService"
             url="[SERVER_PROTOCOL]://[SERVER_IP]:[SERVER_PORT]/RuleServer/services/[engine]/events/[event]"
             writetimeout="600">
      <param datatype="STRING" help="name"/>
      <param datatype="STRING" help="url"/>
      <param datatype="STRING" help="engine"/>
      <param datatype="STRING" help="event"/>
      <param datatype="STRING" help="secret"/>
      <body key="auth" value="Bearer [PartnerToken]"/>
      <body key="name" value="[name]"/>
      <body key="secret" value="[secret]"/>
      <body key="url" value="[url]"/>
      <reference name="contextAccessToken"/>
      <reference name="PartnerToken"/>
   </function>
   <action assettype="Create" batch="false" breakonsuccess="false" desc="" exposed="false"
           methodname="runCmd"
           name="seq_setPartnerWebhook"
           public="false"
           responsetype="TEXT"
           serialized="false"
           threadmode="false"
           type="Sequence">
      <param datatype="STRING" help="Name"/>
      <param datatype="STRING" help="URL"/>
      <param datatype="STRING" help="Engine"/>
      <param datatype="STRING" help="Event"/>
      <param datatype="STRING" help="Secret"/>
      <subscriber action="nullout"
                  params="{setPartnerWebhook([Name],[URL],[Engine],[Event],[Secret])}"/>
      <reference name="setPartnerWebhook"/>
   </action>
   <field assettype="Create" batch="false" datatype="STRING" desc="" encrypted="false"
          exposed="false"
          fieldtype="USER"
          name="Master_Engine"
          public="false"
          responsetype="TEXT"
          threadlocal="false"
          valuestr="PartnerProfile,User,UserService,Workgroup"/>
   <field assettype="Create" batch="false" datatype="STRING" desc="" encrypted="false"
          exposed="false"
          fieldtype="USER"
          name="Partner_Engine"
          public="false"
          responsetype="TEXT"
          threadlocal="false"
          valuestr="Master,Email,SiteService,Inventory,Landlord,LandlordSelfService,InvoiceService,Galaxy,PaymentService"/>
   <field assettype="Create" batch="false" datatype="STRING" desc="" encrypted="false"
          exposed="false"
          fieldtype="USER"
          name="LogMessage"
          public="false"
          responsetype="TEXT"
          threadlocal="true"
          valuestr=""/>
   <connector assettype="Create" batch="false" childfirst="false"
              classloc="C:\Users\abhra/PAREExportBundles/WebhookCreation/lib/truebyllibrary.jar"
              classname="com.filelogger.FileLogger"
              conntype="CLASS"
              desc=""
              exposed="false"
              itype="Singleton"
              name="Connector_Logger"
              public="false"
              responsetype="TEXT"
              username="">
      <password algo="md5" password="" usepwdman="true"/>
   </connector>
   <action assettype="Create" batch="false" classconnector="Connector_Logger"
           desc="Action writeLine2 of Class Connector_Logger"
           exposed="false"
           methodname="writeLine2"
           name="Connector_Logger.writeLine2"
           public="false"
           responsetype="TEXT"
           type="Custom">
      <param datatype="STRING" help="arg0"/>
      <param datatype="STRING" help="arg1"/>
      <param datatype="STRING" help="arg2"/>
   </action>
   <action assettype="Create" batch="false" desc="Sets value of field PartnerToken"
           exposed="false"
           field="PartnerToken"
           methodname="runCmd"
           name="PartnerToken ="
           public="false"
           responsetype="TEXT"
           type="Setter">
      <param datatype="STRING" help="Value of the field PartnerToken"/>
   </action>
   <field assettype="Create" batch="false" datatype="STRING" desc="" encrypted="false"
          exposed="false"
          fieldtype="USER"
          name="EngineName"
          public="false"
          responsetype="TEXT"
          threadlocal="false"
          valuestr="WebhookCreation"/>
   <action assettype="Create" batch="false" desc="" exposed="false" methodname="runCmd"
           name="script_act_setPartnerWebhooks"
           public="false"
           responsetype="TEXT"
           type="Script">
      <script scripttype="Javascript">var logLevel = "Error:";
var APIName = "createPartnerWebhook()::script_act_setPartnerWebhooks:";

var url = SERVER_PROTOCOL +"://"+SERVER_IP+":"+SERVER_PORT+"/RuleServer/services/audit_engine/assets/add_audit_info";
// Partner Engine Events
var partner_engine_list = v_Partner_Engine.get();
var partner_engine = partner_engine_list.split(",");
for(var i = 0; i &lt; partner_engine.length; i++)
{
	var json = "";
	try{
		json = getWebhookEvents.call(partner_engine[i]);
	}
	catch(e){
		v_LogMessage.set("Getting webhook events");
		Connector_Logger_writeLine2.call(v_EngineName.get(),logLevel+APIName+v_LogMessage.get(),PARTITION_ID);
		Connector_Logger_writeLine2.call(v_EngineName.get(),logLevel+APIName+getLastErrorStack.call(),PARTITION_ID);
		throw "&lt;&lt;&lt; "+ logLevel + v_LogMessage.get() +" &gt;&gt;&gt;";
	}
	var obj = JSON.parse(json);
	for(var j = 0; j &lt; obj.length; j++)
	{
		print(url);
		var event = obj[j];
		try{
			seq_setPartnerWebhook.call(event,url,partner_engine[i],event,"1234");
		}
		catch(e){
			v_LogMessage.set("Setting webhook");
			Connector_Logger_writeLine2.call(v_EngineName.get(),logLevel+APIName+v_LogMessage.get(),PARTITION_ID);
			Connector_Logger_writeLine2.call(v_EngineName.get(),logLevel+APIName+getLastErrorStack.call(),PARTITION_ID);
			throw "&lt;&lt;&lt; "+ logLevel + v_LogMessage.get() +" &gt;&gt;&gt;";
		}
	}
}
</script>
      <reference name="seq_setPartnerWebhook"/>
      <reference name="Connector_Logger.writeLine2"/>
      <reference name="getLastErrorStack"/>
      <reference name="getWebhookEvents"/>
      <reference name="setPartnerWebhook"/>
      <reference name="Partner_Engine"/>
      <reference name="LogMessage"/>
      <reference name="EngineName"/>
   </action>
   <action assettype="Create" batch="false" desc="Sets value of field LogMessage"
           exposed="false"
           field="LogMessage"
           methodname="runCmd"
           name="LogMessage ="
           public="false"
           responsetype="TEXT"
           type="Setter">
      <param datatype="STRING" help="Value of the field LogMessage"/>
   </action>
   <action assettype="Create" batch="false" desc="" exposed="false" methodname="runCmd"
           name="script_act_setWebhooks"
           public="false"
           responsetype="TEXT"
           type="Script">
      <script scripttype="Javascript">var logLevel = "Error:";
var APIName = "createMasterWebhooks()::script_act_setWebhooks:";

var url = SERVER_PROTOCOL +"://"+SERVER_IP+":"+SERVER_PORT+"/RuleServer/services/audit_engine/assets/add_audit_info";
// Master Engine Events
var master_engine_list = v_Master_Engine.get();
var master_engine = master_engine_list.split(",");
v_token.set("");
v_token.set(script_fnc_getToken.call());
for(var i = 0; i &lt; master_engine.length; i++)
{
	var json = "";
	try{
		json = getWebhookEvents.call(master_engine[i]);
	}
	catch(e){
		v_LogMessage.set("Getting webhook events");
		Connector_Logger_writeLine2.call(v_EngineName.get(),logLevel+APIName+v_LogMessage.get(),PARTITION_ID);
		Connector_Logger_writeLine2.call(v_EngineName.get(),logLevel+APIName+getLastErrorStack.call(),PARTITION_ID);
		throw "&lt;&lt;&lt; "+ logLevel + v_LogMessage.get() +" &gt;&gt;&gt;";
	}
	var obj = JSON.parse(json);
	for(var j = 0; j &lt; obj.length; j++)
	{
		print(url);
		var event = obj[j];
		print(event);
		try{
			seq_setWebhook.call(event,url,master_engine[i],event,"1234");
		}
		catch(e){
			v_LogMessage.set("Setting webhook");
			Connector_Logger_writeLine2.call(v_EngineName.get(),logLevel+APIName+v_LogMessage.get(),PARTITION_ID);
			Connector_Logger_writeLine2.call(v_EngineName.get(),logLevel+APIName+getLastErrorStack.call(),PARTITION_ID);
			throw "&lt;&lt;&lt; "+ logLevel + v_LogMessage.get() +" &gt;&gt;&gt;";
		}
	}
}

</script>
      <reference name="seq_setWebhook"/>
      <reference name="Connector_Logger.writeLine2"/>
      <reference name="getLastErrorStack"/>
      <reference name="getToken"/>
      <reference name="setWebhook"/>
      <reference name="getWebhookEvents"/>
      <reference name="script_fnc_getToken"/>
      <reference name="token"/>
      <reference name="Master_Engine"/>
      <reference name="LogMessage"/>
   </action>
   <action assettype="Create" batch="false" breakonsuccess="false" desc="" exposed="true"
           methodname="runCmd"
           name="createMasterWebhooks"
           public="false"
           responsetype="TEXT"
           serialized="false"
           threadmode="false"
           type="Sequence">
      <subscriber action="script_act_setWebhooks" params=""/>
   </action>
   <action assettype="Create" batch="false" desc="" exposed="false" methodname="runCmd"
           name="script_act_setPartnerWorkflowWebhook"
           public="false"
           responsetype="TEXT"
           type="Script">
      <script scripttype="Javascript">var logLevel = "Error:";
var APIName = "createPartnerWebhook()::script_act_setPartnerWorkflowWebhooks:";

var url = SERVER_PROTOCOL +"://"+SERVER_IP+":"+SERVER_PORT+"/RuleServer/services/Workflow/assets/processWorkFlowEvents";
try{
	seq_setPartnerWebhook.call("ProcessWorkflowEvents",url,"monitor","workflows","1234");
}
catch(e){
	v_LogMessage.set("Setting webhook");
	Connector_Logger_writeLine2.call(v_EngineName.get(),logLevel+APIName+v_LogMessage.get(),PARTITION_ID);
	Connector_Logger_writeLine2.call(v_EngineName.get(),logLevel+APIName+getLastErrorStack.call(),PARTITION_ID);
	throw "&lt;&lt;&lt; "+ logLevel + v_LogMessage.get() +" &gt;&gt;&gt;";
}
</script>
      <reference name="seq_setPartnerWebhook"/>
      <reference name="Connector_Logger.writeLine2"/>
      <reference name="getLastErrorStack"/>
      <reference name="setPartnerWebhook"/>
      <reference name="LogMessage"/>
      <reference name="EngineName"/>
   </action>
   <action assettype="Create" batch="false" desc="Sets value of field EngineName"
           exposed="false"
           field="EngineName"
           methodname="runCmd"
           name="EngineName ="
           public="false"
           responsetype="TEXT"
           type="Setter">
      <param datatype="STRING" help="Value of the field EngineName"/>
   </action>
   <action assettype="Create" batch="false" desc="" exposed="false" methodname="runCmd"
           name="script_act_setPartnerUserWebhook"
           public="false"
           responsetype="TEXT"
           type="Script">
      <script scripttype="Javascript">var logLevel = "Error:";
var APIName = "createPartnerWebhook()::script_act_setPartnerUserWebhooks:";

var url = SERVER_PROTOCOL +"://"+SERVER_IP+":"+SERVER_PORT+"/RuleServer/services/User/assets/processUserEvent";
try{
	seq_setPartnerWebhook.call("ProcessUserEvents",url,"monitor","users","1234");
}
catch(e){
	v_LogMessage.set("Setting webhook");
	Connector_Logger_writeLine2.call(v_EngineName.get(),logLevel+APIName+v_LogMessage.get(),PARTITION_ID);
	Connector_Logger_writeLine2.call(v_EngineName.get(),logLevel+APIName+getLastErrorStack.call(),PARTITION_ID);
	throw "&lt;&lt;&lt; "+ logLevel + v_LogMessage.get() +" &gt;&gt;&gt;";
}
</script>
      <reference name="Connector_Logger.writeLine2"/>
      <reference name="seq_setPartnerWebhook"/>
      <reference name="getLastErrorStack"/>
      <reference name="setPartnerWebhook"/>
      <reference name="LogMessage"/>
      <reference name="EngineName"/>
   </action>
   <action assettype="Create" batch="false" breakonsuccess="false" desc="" exposed="true"
           methodname="runCmd"
           name="createPartnerWebhook"
           public="false"
           responsetype="TEXT"
           serialized="false"
           threadmode="false"
           type="Sequence">
      <subscriber action="token =" params="{script_fnc_getToken()}"/>
      <subscriber action="PartnerToken =" params="{script_fnc_getToken()}"/>
      <subscriber action="script_act_setPartnerWebhooks" params=""/>
      <subscriber action="script_act_setPartnerWorkflowWebhook" params=""/>
      <subscriber action="script_act_setPartnerUserWebhook" params=""/>
      <reference name="script_fnc_getToken"/>
   </action>
</rulesconfig>