{
  "configVersion": 1,
  "timestamp": 1691413366092,
  "index": "/landlordselfservice/index.html",
  "assetGroups": [
    {
      "name": "app",
      "installMode": "prefetch",
      "updateMode": "prefetch",
      "cacheQueryOptions": {
        "ignoreVary": true
      },
      "urls": [
        "/landlordselfservice/env.js",
        "/landlordselfservice/index.html",
        "/landlordselfservice/main.c9165b32e2abf223.js",
        "/landlordselfservice/manifest.webmanifest",
        "/landlordselfservice/polyfills.1d0f651ffcd89c18.js",
        "/landlordselfservice/runtime.08b7758cf25f67ca.js",
        "/landlordselfservice/styles.4673531f10c4fad8.css"
      ],
      "patterns": []
    },
    {
      "name": "assets",
      "installMode": "lazy",
      "updateMode": "prefetch",
      "cacheQueryOptions": {
        "ignoreVary": true
      },
      "urls": [
        "/landlordselfservice/Roboto-Black.2eaa390d458c877d.woff2",
        "/landlordselfservice/Roboto-Black.b25f67ad8583da68.woff",
        "/landlordselfservice/Roboto-BlackItalic.7dc03ee444552bc5.woff2",
        "/landlordselfservice/Roboto-BlackItalic.c8dc642467cb3099.woff",
        "/landlordselfservice/Roboto-Bold.447291a88c067396.woff2",
        "/landlordselfservice/Roboto-Bold.fc482e6133cf5e26.woff",
        "/landlordselfservice/Roboto-BoldItalic.1b15168ef6fa4e16.woff2",
        "/landlordselfservice/Roboto-BoldItalic.e26ba339b06f09f7.woff",
        "/landlordselfservice/Roboto-Light.0e01b6cd13b3857f.woff2",
        "/landlordselfservice/Roboto-Light.603ca9a537b88428.woff",
        "/landlordselfservice/Roboto-LightItalic.1b5e142f787151c8.woff",
        "/landlordselfservice/Roboto-LightItalic.232ef4b20215f720.woff2",
        "/landlordselfservice/Roboto-Medium.457532032ceb0168.woff2",
        "/landlordselfservice/Roboto-Medium.6e1ae5f0b324a0aa.woff",
        "/landlordselfservice/Roboto-MediumItalic.872f7060602d55d2.woff2",
        "/landlordselfservice/Roboto-MediumItalic.e06fb533801cbb08.woff",
        "/landlordselfservice/Roboto-Regular.475ba9e4e2d63456.woff2",
        "/landlordselfservice/Roboto-Regular.bcefbfee882bc1cb.woff",
        "/landlordselfservice/Roboto-RegularItalic.0668fae6af0cf8c2.woff",
        "/landlordselfservice/Roboto-RegularItalic.e3a9ebdaac06bbc4.woff2",
        "/landlordselfservice/Roboto-Thin.c13c157cb81e8ebb.woff",
        "/landlordselfservice/Roboto-Thin.f7a95c9c5999532c.woff2",
        "/landlordselfservice/Roboto-ThinItalic.1111028df6cea564.woff",
        "/landlordselfservice/Roboto-ThinItalic.b0e084abf689f393.woff2",
        "/landlordselfservice/assets/beep.wav",
        "/landlordselfservice/assets/icons/Rate.png",
        "/landlordselfservice/assets/icons/account.png",
        "/landlordselfservice/assets/icons/addon-new.png",
        "/landlordselfservice/assets/icons/addon.png",
        "/landlordselfservice/assets/icons/addon_flat.png",
        "/landlordselfservice/assets/icons/back_arrow.png",
        "/landlordselfservice/assets/icons/back_arrow_w.png",
        "/landlordselfservice/assets/icons/bell.png",
        "/landlordselfservice/assets/icons/bundle-new.png",
        "/landlordselfservice/assets/icons/bundle.png",
        "/landlordselfservice/assets/icons/calendar.png",
        "/landlordselfservice/assets/icons/calendar4.png",
        "/landlordselfservice/assets/icons/camera-new.png",
        "/landlordselfservice/assets/icons/camera.png",
        "/landlordselfservice/assets/icons/cancel (1).png",
        "/landlordselfservice/assets/icons/cancel-active.png",
        "/landlordselfservice/assets/icons/cancel.png",
        "/landlordselfservice/assets/icons/cancel_new.png",
        "/landlordselfservice/assets/icons/change_history.png",
        "/landlordselfservice/assets/icons/change_password.png",
        "/landlordselfservice/assets/icons/check-box.png",
        "/landlordselfservice/assets/icons/check-mark.png",
        "/landlordselfservice/assets/icons/clear-filter-active.png",
        "/landlordselfservice/assets/icons/clear-filter.png",
        "/landlordselfservice/assets/icons/clock.png",
        "/landlordselfservice/assets/icons/clone.png",
        "/landlordselfservice/assets/icons/cloud-computing.png",
        "/landlordselfservice/assets/icons/company_logo.png",
        "/landlordselfservice/assets/icons/customer-rejected.png",
        "/landlordselfservice/assets/icons/customer-unverified.png",
        "/landlordselfservice/assets/icons/customer-verified.png",
        "/landlordselfservice/assets/icons/customer.png",
        "/landlordselfservice/assets/icons/customers.png",
        "/landlordselfservice/assets/icons/date.png",
        "/landlordselfservice/assets/icons/delete-button.png",
        "/landlordselfservice/assets/icons/discount-menubar.png",
        "/landlordselfservice/assets/icons/discount.png",
        "/landlordselfservice/assets/icons/discount_fixed.png",
        "/landlordselfservice/assets/icons/discount_percentage.png",
        "/landlordselfservice/assets/icons/dislike.png",
        "/landlordselfservice/assets/icons/doc.png",
        "/landlordselfservice/assets/icons/documents.png",
        "/landlordselfservice/assets/icons/documents2.png",
        "/landlordselfservice/assets/icons/down-arrow-2.png",
        "/landlordselfservice/assets/icons/down-arrow.png",
        "/landlordselfservice/assets/icons/edit.png",
        "/landlordselfservice/assets/icons/edit_2.png",
        "/landlordselfservice/assets/icons/edit_active.png",
        "/landlordselfservice/assets/icons/edit_new.png",
        "/landlordselfservice/assets/icons/edited icons.rar",
        "/landlordselfservice/assets/icons/edited icons/addon-new.png",
        "/landlordselfservice/assets/icons/edited icons/bundle-new.png",
        "/landlordselfservice/assets/icons/edited icons/noemal-product-new.png",
        "/landlordselfservice/assets/icons/edited icons/products-new.png",
        "/landlordselfservice/assets/icons/edited icons/rate-new.png",
        "/landlordselfservice/assets/icons/faq.png",
        "/landlordselfservice/assets/icons/home.png",
        "/landlordselfservice/assets/icons/icon-128x128.png",
        "/landlordselfservice/assets/icons/icon-144x144.png",
        "/landlordselfservice/assets/icons/icon-152x152.png",
        "/landlordselfservice/assets/icons/icon-192x192.png",
        "/landlordselfservice/assets/icons/icon-384x384.png",
        "/landlordselfservice/assets/icons/icon-512x512.png",
        "/landlordselfservice/assets/icons/icon-72x72.png",
        "/landlordselfservice/assets/icons/icon-96x96.png",
        "/landlordselfservice/assets/icons/information-button.png",
        "/landlordselfservice/assets/icons/invoice.png",
        "/landlordselfservice/assets/icons/jpg.png",
        "/landlordselfservice/assets/icons/key.png",
        "/landlordselfservice/assets/icons/like.png",
        "/landlordselfservice/assets/icons/logout.png",
        "/landlordselfservice/assets/icons/menu.png",
        "/landlordselfservice/assets/icons/noemal-product-new.png",
        "/landlordselfservice/assets/icons/non-tod.png",
        "/landlordselfservice/assets/icons/others.png",
        "/landlordselfservice/assets/icons/payments.png",
        "/landlordselfservice/assets/icons/pdf.png",
        "/landlordselfservice/assets/icons/photo-camera.png",
        "/landlordselfservice/assets/icons/product-active.png",
        "/landlordselfservice/assets/icons/product.png",
        "/landlordselfservice/assets/icons/product_addon_menubar.png",
        "/landlordselfservice/assets/icons/product_addon_menubar_active.png",
        "/landlordselfservice/assets/icons/product_bundle_menubar.png",
        "/landlordselfservice/assets/icons/product_bundle_menubar_active.png",
        "/landlordselfservice/assets/icons/product_normal.png",
        "/landlordselfservice/assets/icons/product_normal_menubar.png",
        "/landlordselfservice/assets/icons/product_normal_menubar_active.png",
        "/landlordselfservice/assets/icons/products-main.png",
        "/landlordselfservice/assets/icons/products-new.png",
        "/landlordselfservice/assets/icons/profile.png",
        "/landlordselfservice/assets/icons/profilepic.png",
        "/landlordselfservice/assets/icons/profilepic_m.png",
        "/landlordselfservice/assets/icons/published.png",
        "/landlordselfservice/assets/icons/rate-new.png",
        "/landlordselfservice/assets/icons/refresh.png",
        "/landlordselfservice/assets/icons/report.png",
        "/landlordselfservice/assets/icons/search-active.png",
        "/landlordselfservice/assets/icons/search.png",
        "/landlordselfservice/assets/icons/secure.png",
        "/landlordselfservice/assets/icons/sites.png",
        "/landlordselfservice/assets/icons/spaceworld .png",
        "/landlordselfservice/assets/icons/star-blank.png",
        "/landlordselfservice/assets/icons/star.png",
        "/landlordselfservice/assets/icons/tax-menubar.png",
        "/landlordselfservice/assets/icons/taxes_fixed.png",
        "/landlordselfservice/assets/icons/taxes_percentage.png",
        "/landlordselfservice/assets/icons/tickets.png",
        "/landlordselfservice/assets/icons/tod.png",
        "/landlordselfservice/assets/icons/toggle-off.png",
        "/landlordselfservice/assets/icons/toggle-on.png",
        "/landlordselfservice/assets/icons/trash-bin.png",
        "/landlordselfservice/assets/icons/truebyl_header_logo.png",
        "/landlordselfservice/assets/icons/upload.png",
        "/landlordselfservice/assets/icons/upload_h.png",
        "/landlordselfservice/assets/icons/user-color.png",
        "/landlordselfservice/assets/icons/user-customer-profile.png",
        "/landlordselfservice/assets/icons/user.png",
        "/landlordselfservice/assets/icons/view.png",
        "/landlordselfservice/assets/icons/viewdetils.png",
        "/landlordselfservice/assets/icons/viewdetils_new.png",
        "/landlordselfservice/assets/icons/xls.png",
        "/landlordselfservice/assets/icons/xx.png"
      ],
      "patterns": []
    }
  ],
  "dataGroups": [],
  "hashTable": {
    "/landlordselfservice/Roboto-Black.2eaa390d458c877d.woff2": "6610089bd2ab6cfd41d16777ad1b15994d429bb3",
    "/landlordselfservice/Roboto-Black.b25f67ad8583da68.woff": "c82deec15ceac108defa33eecdd610032cbfbe8b",
    "/landlordselfservice/Roboto-BlackItalic.7dc03ee444552bc5.woff2": "c8d1382f27b7d8710f1a0d0fc85f9f1f1e040f52",
    "/landlordselfservice/Roboto-BlackItalic.c8dc642467cb3099.woff": "db79ebd0705bbb53d446404fada96654b1c6c027",
    "/landlordselfservice/Roboto-Bold.447291a88c067396.woff2": "977c5749fd06192dac5224811ed69e53a6b2b47d",
    "/landlordselfservice/Roboto-Bold.fc482e6133cf5e26.woff": "e4774be50a91e83c4fdc647e27342d03a29fd215",
    "/landlordselfservice/Roboto-BoldItalic.1b15168ef6fa4e16.woff2": "46bf6b6919762694521c78dbf44ce7d4f605b429",
    "/landlordselfservice/Roboto-BoldItalic.e26ba339b06f09f7.woff": "7cf155c7b7e2995938020d832aed5084d87e3515",
    "/landlordselfservice/Roboto-Light.0e01b6cd13b3857f.woff2": "6b773b76e0a6708ee4040733cd0c83278543864a",
    "/landlordselfservice/Roboto-Light.603ca9a537b88428.woff": "3ea2c95e21cc88d82bb111c99883484c64d657db",
    "/landlordselfservice/Roboto-LightItalic.1b5e142f787151c8.woff": "f46b38a20fb80034e16204360a08f000058aa1ad",
    "/landlordselfservice/Roboto-LightItalic.232ef4b20215f720.woff2": "91fa61a48fd8f7e28431bee0e9c7fb34026c0cdf",
    "/landlordselfservice/Roboto-Medium.457532032ceb0168.woff2": "e24a020df79c6ce3bcc4a6a33930f697b8e1d6b2",
    "/landlordselfservice/Roboto-Medium.6e1ae5f0b324a0aa.woff": "3caf9bcd149c12e6abfe03d309e931d4ca22d4a8",
    "/landlordselfservice/Roboto-MediumItalic.872f7060602d55d2.woff2": "6f54c892be079270707d179eca6ab89568d32934",
    "/landlordselfservice/Roboto-MediumItalic.e06fb533801cbb08.woff": "17e16b5e37a29466a6002cd54c7a398b097326e2",
    "/landlordselfservice/Roboto-Regular.475ba9e4e2d63456.woff2": "463a07f5c66bf14e6d9d6e0f6d5e3fd3cb11f4ec",
    "/landlordselfservice/Roboto-Regular.bcefbfee882bc1cb.woff": "96eca9934dff83a12371dd54fc6c1bf29256815a",
    "/landlordselfservice/Roboto-RegularItalic.0668fae6af0cf8c2.woff": "a51b4110c32440d54c5f299b8dda8e3b38b8acaa",
    "/landlordselfservice/Roboto-RegularItalic.e3a9ebdaac06bbc4.woff2": "b8b605f7cc9ff6ec06814cdc2140c175fbefcb72",
    "/landlordselfservice/Roboto-Thin.c13c157cb81e8ebb.woff": "779d5e76694d26f22c8721f1ae99501c3a1e8bd1",
    "/landlordselfservice/Roboto-Thin.f7a95c9c5999532c.woff2": "58dd79e031022a7315a55cec1f128578b1debbfb",
    "/landlordselfservice/Roboto-ThinItalic.1111028df6cea564.woff": "7b52f34f7aef7c5f9e7103d51de1e692e9ece6b0",
    "/landlordselfservice/Roboto-ThinItalic.b0e084abf689f393.woff2": "49e649e6e4b4cc30e6edcf237a25ef0c58d85e8e",
    "/landlordselfservice/assets/beep.wav": "0a41b9dfa69770b9b7b08b2dae78b6e11ab54aba",
    "/landlordselfservice/assets/icons/Rate.png": "768c5baf0cb0820a03b39f25824d9d33bd9cd4c8",
    "/landlordselfservice/assets/icons/account.png": "238123a45defb104309807c388c28079032ce0ef",
    "/landlordselfservice/assets/icons/addon-new.png": "dc1ece46c43afb0913fd2f48cde06bbb82a03bc5",
    "/landlordselfservice/assets/icons/addon.png": "2fa0ee87692ab590de2a7d0cdad02f87ee72364a",
    "/landlordselfservice/assets/icons/addon_flat.png": "ab4f9a4d9a147cabe503c06b49bce1bb5b2edbe4",
    "/landlordselfservice/assets/icons/back_arrow.png": "696545b2da4f964662b744e1f85415dc6e72e3ce",
    "/landlordselfservice/assets/icons/back_arrow_w.png": "eb05784c2321b2f8c7a24493289614449f4ac4ec",
    "/landlordselfservice/assets/icons/bell.png": "2b643154b69d6db4aba571220402612ad8968dd0",
    "/landlordselfservice/assets/icons/bundle-new.png": "99664df4f94c79e55fa119581adb291cf65e0d4a",
    "/landlordselfservice/assets/icons/bundle.png": "f83add40e6f214f30bafc25e07bf9d7d7c0b7c9a",
    "/landlordselfservice/assets/icons/calendar.png": "ff1892fa8bb265c6b99d49e5cab098e1d0c89f58",
    "/landlordselfservice/assets/icons/calendar4.png": "6e0af22fbbe788ec673bac54783574617a9c5c3b",
    "/landlordselfservice/assets/icons/camera-new.png": "a667967863389928e43824c085c5c4df0f7b549f",
    "/landlordselfservice/assets/icons/camera.png": "afef5fc11f36b3bf33f6ad52bfae373c8b3d9d84",
    "/landlordselfservice/assets/icons/cancel (1).png": "5eed7774ef290656ebd16880ba68c4d32be177d6",
    "/landlordselfservice/assets/icons/cancel-active.png": "97372d5002b3b9da276bcb666db8f375db309ebf",
    "/landlordselfservice/assets/icons/cancel.png": "d75fde834b415478ea2498e548d1b49f9a7a275b",
    "/landlordselfservice/assets/icons/cancel_new.png": "94a68315b27183de89af1122df8c02ab9a712456",
    "/landlordselfservice/assets/icons/change_history.png": "4ac24acba2e149baa5142f2453fabd12c0baa948",
    "/landlordselfservice/assets/icons/change_password.png": "0263f07dbfa4b5401617567b5cc8e4ff4f246f0a",
    "/landlordselfservice/assets/icons/check-box.png": "4234b5735d0559eb97f95217db6d178f2e06b250",
    "/landlordselfservice/assets/icons/check-mark.png": "587efe30109a2deec28f34e9a30216fb87bce6f4",
    "/landlordselfservice/assets/icons/clear-filter-active.png": "2cca95f24a2288b861ac197b2b67afccc75f629a",
    "/landlordselfservice/assets/icons/clear-filter.png": "4ecd6e9ec6a044ec245c155cc7734611cc08d457",
    "/landlordselfservice/assets/icons/clock.png": "aad8246db191320beafac73f5f7af8945379973a",
    "/landlordselfservice/assets/icons/clone.png": "31c2f13317dd1e369f045a9ddd65fd2e227a109e",
    "/landlordselfservice/assets/icons/cloud-computing.png": "6b44f07bc9d22da770fbba52543f625abfedf353",
    "/landlordselfservice/assets/icons/company_logo.png": "73d79defe5d5ba0a78d8e5e49b8a5d19d4978d2b",
    "/landlordselfservice/assets/icons/customer-rejected.png": "a37ff2059f699b8a3956c74bdf0ade7b2114c445",
    "/landlordselfservice/assets/icons/customer-unverified.png": "18863371d0ad931861cbbd19f73f200e0a97299b",
    "/landlordselfservice/assets/icons/customer-verified.png": "a84992dbbd52ed86f25432539b3d93c420caa196",
    "/landlordselfservice/assets/icons/customer.png": "b1bdf7637c65c11f3d8f0553fcfdeca8c7dac048",
    "/landlordselfservice/assets/icons/customers.png": "822513384c6cddc54ab799cc18e95e52532c323b",
    "/landlordselfservice/assets/icons/date.png": "92420b9fdd481676313267b6a985291d8d07199a",
    "/landlordselfservice/assets/icons/delete-button.png": "aeb438536fb3d9424a51a7448bea3f358d127166",
    "/landlordselfservice/assets/icons/discount-menubar.png": "a476f3119bf7446e3b3c138fe98837fc189f362c",
    "/landlordselfservice/assets/icons/discount.png": "e62abd4c27b8679bf29c82ba1fc74c85b8f7e754",
    "/landlordselfservice/assets/icons/discount_fixed.png": "ec912d75ec13bb8eef917247ece9328fefba8d55",
    "/landlordselfservice/assets/icons/discount_percentage.png": "39067500f16691f327a1f639c19df3385a638bd4",
    "/landlordselfservice/assets/icons/dislike.png": "3e4fd61a8b526637776eae75ad05e3c4b279696c",
    "/landlordselfservice/assets/icons/doc.png": "22df7cf4a1229b4615ca7032d3d60a032836f49a",
    "/landlordselfservice/assets/icons/documents.png": "2a39f5acefff7d3a491bffed99ece6e692da063c",
    "/landlordselfservice/assets/icons/documents2.png": "868e68cc7ae7a28e6acdf8c34dda87effe1d4266",
    "/landlordselfservice/assets/icons/down-arrow-2.png": "67204d8b4866f8f0d3e404e741978c7649f290ac",
    "/landlordselfservice/assets/icons/down-arrow.png": "f08bb1fd3c138a5d74ef9c8bfde04a46c8f8c78d",
    "/landlordselfservice/assets/icons/edit.png": "ba7aa8acdbd7178b4b4de6090058347f0830487c",
    "/landlordselfservice/assets/icons/edit_2.png": "12227a53474ab3939b597d13f1eaf67a53c87d56",
    "/landlordselfservice/assets/icons/edit_active.png": "395229957e0aaf9d1a2ff84cce1c7a9f4708ddc4",
    "/landlordselfservice/assets/icons/edit_new.png": "3f9e17a2b0f5740b1084ba2ace97a2eff5b856b2",
    "/landlordselfservice/assets/icons/edited icons.rar": "abc4359f825aea87a97362dcf1dfbb87daa07e27",
    "/landlordselfservice/assets/icons/edited icons/addon-new.png": "dc1ece46c43afb0913fd2f48cde06bbb82a03bc5",
    "/landlordselfservice/assets/icons/edited icons/bundle-new.png": "99664df4f94c79e55fa119581adb291cf65e0d4a",
    "/landlordselfservice/assets/icons/edited icons/noemal-product-new.png": "7d5345381c379d488653a024d08d7086c2ceaff3",
    "/landlordselfservice/assets/icons/edited icons/products-new.png": "e057fd5cc8ef01a838bcb0f7712eac6f15cb7606",
    "/landlordselfservice/assets/icons/edited icons/rate-new.png": "65bfcf5ac08ebe71b2e6d3900a23986f95c6b8a3",
    "/landlordselfservice/assets/icons/faq.png": "c9813765000163bf61c828db5f1c4144fd2a0c3a",
    "/landlordselfservice/assets/icons/home.png": "9236326343b41a971c60247d4014fc4247a52849",
    "/landlordselfservice/assets/icons/icon-128x128.png": "dae3b6ed49bdaf4327b92531d4b5b4a5d30c7532",
    "/landlordselfservice/assets/icons/icon-144x144.png": "b0bd89982e08f9bd2b642928f5391915b74799a7",
    "/landlordselfservice/assets/icons/icon-152x152.png": "7479a9477815dfd9668d60f8b3b2fba709b91310",
    "/landlordselfservice/assets/icons/icon-192x192.png": "1abd80d431a237a853ce38147d8c63752f10933b",
    "/landlordselfservice/assets/icons/icon-384x384.png": "329749cd6393768d3131ed6304c136b1ca05f2fd",
    "/landlordselfservice/assets/icons/icon-512x512.png": "559d9c4318b45a1f2b10596bbb4c960fe521dbcc",
    "/landlordselfservice/assets/icons/icon-72x72.png": "c457e56089a36952cd67156f9996bc4ce54a5ed9",
    "/landlordselfservice/assets/icons/icon-96x96.png": "3914125a4b445bf111c5627875fc190f560daa41",
    "/landlordselfservice/assets/icons/information-button.png": "f81418b9f51025363332ed7a66bae3cb55a713c1",
    "/landlordselfservice/assets/icons/invoice.png": "35e62fa77b58699fb63c6ddeb9d6471fb9ab08b6",
    "/landlordselfservice/assets/icons/jpg.png": "bda1da2f29e1f6834802f43abd148082fc6398be",
    "/landlordselfservice/assets/icons/key.png": "69932b7e781761b41141931ddc14cf67f7466c0f",
    "/landlordselfservice/assets/icons/like.png": "5761b50e2a94df30980323db5a3d95645eb81086",
    "/landlordselfservice/assets/icons/logout.png": "4a2c327385157a03b6bbfe12b3747261a2f441d7",
    "/landlordselfservice/assets/icons/menu.png": "e15b1948bb92aa9f2faf6096890369a5d43b685a",
    "/landlordselfservice/assets/icons/noemal-product-new.png": "7d5345381c379d488653a024d08d7086c2ceaff3",
    "/landlordselfservice/assets/icons/non-tod.png": "5ea0eb53d0585805e56aacca0822f78720e35cf8",
    "/landlordselfservice/assets/icons/others.png": "e7f9f3485c3c4935ecc8f4b244f3e0930aacca96",
    "/landlordselfservice/assets/icons/payments.png": "8d4735c7b2c2b3719814925f1a72e34b09d38c8d",
    "/landlordselfservice/assets/icons/pdf.png": "a2a489a5d0742e354770ee8668b25b33d91205d5",
    "/landlordselfservice/assets/icons/photo-camera.png": "2ac8325d1ce9935173a21ab84ff5642cafe7704e",
    "/landlordselfservice/assets/icons/product-active.png": "6887c6c2473712652ae15bcc6053bba27824e3df",
    "/landlordselfservice/assets/icons/product.png": "2a3225159a3db945682d22817074f46e81f7461d",
    "/landlordselfservice/assets/icons/product_addon_menubar.png": "326cccf2d5bcace9e660325303a362a04c5a34dc",
    "/landlordselfservice/assets/icons/product_addon_menubar_active.png": "08616d05e024a8c493f6f09af1218c7fef9438a2",
    "/landlordselfservice/assets/icons/product_bundle_menubar.png": "3d34c54e6642be896d4960d6f17245ca66e412a5",
    "/landlordselfservice/assets/icons/product_bundle_menubar_active.png": "f1fa59416887f1ea7c89b0e372d13ae816c2519a",
    "/landlordselfservice/assets/icons/product_normal.png": "b948ec7824e9dd9017a033bb935ee7aa55f321cd",
    "/landlordselfservice/assets/icons/product_normal_menubar.png": "098036894768aff3ebda1800acf19cdcfee40017",
    "/landlordselfservice/assets/icons/product_normal_menubar_active.png": "e172006acc19dcd7d549536675ee109582ae0155",
    "/landlordselfservice/assets/icons/products-main.png": "59542004d814300c709b2e4e03ccd7b1534ac1d6",
    "/landlordselfservice/assets/icons/products-new.png": "e057fd5cc8ef01a838bcb0f7712eac6f15cb7606",
    "/landlordselfservice/assets/icons/profile.png": "d1a043d7d5cffb90c14ca317714b19770901b04f",
    "/landlordselfservice/assets/icons/profilepic.png": "26f1ec96fb9bb05e19257bb9949465513626972f",
    "/landlordselfservice/assets/icons/profilepic_m.png": "629bce29dc60fb74315ba87c323f05b706a8b8b7",
    "/landlordselfservice/assets/icons/published.png": "c669cdc29bdec093b998828952fe989b2368597e",
    "/landlordselfservice/assets/icons/rate-new.png": "65bfcf5ac08ebe71b2e6d3900a23986f95c6b8a3",
    "/landlordselfservice/assets/icons/refresh.png": "dd84d45df65311e871b47f417d8a6f5848224b87",
    "/landlordselfservice/assets/icons/report.png": "4a218ed3d35614e2e4288b389fb2d0533ed52b19",
    "/landlordselfservice/assets/icons/search-active.png": "10b68469b09a2f5ebfdd2bb6db474e1d6b3dc24b",
    "/landlordselfservice/assets/icons/search.png": "bcf8ab847d916d6e04f3e3361b9381d8e6c38c0c",
    "/landlordselfservice/assets/icons/secure.png": "cffea4f5a72242f8cf2b9bae0205e1ea4ddad310",
    "/landlordselfservice/assets/icons/sites.png": "99878b748dfe46380d28c2990ea90f412f8b9385",
    "/landlordselfservice/assets/icons/spaceworld .png": "65c40dfea9aadac719b5dadbb78ca344ea1852dd",
    "/landlordselfservice/assets/icons/star-blank.png": "9372806076c8c33f4f52c45e6fa6a0f2025d3f75",
    "/landlordselfservice/assets/icons/star.png": "1ee085b91e54a4b5d484b1c9c288d995d2a833f1",
    "/landlordselfservice/assets/icons/tax-menubar.png": "daaa0df81f894bd6cedea6ea8d2400c90958aa7d",
    "/landlordselfservice/assets/icons/taxes_fixed.png": "c1f23745f5ad66c8b511ded7f6405f4ad7d26e51",
    "/landlordselfservice/assets/icons/taxes_percentage.png": "c482e5edebfe025fe1565b25aa53ccc1f01c93bf",
    "/landlordselfservice/assets/icons/tickets.png": "21aa240baab20854f0b183317549c442f4e723f4",
    "/landlordselfservice/assets/icons/tod.png": "52a81521c9e28977200c56a79424bf17a5fbfece",
    "/landlordselfservice/assets/icons/toggle-off.png": "3ce99eeebb18adf64ff214bf89792c17c53bcad4",
    "/landlordselfservice/assets/icons/toggle-on.png": "66f4b5dd81278389d7bcbb0811d64059321a16d0",
    "/landlordselfservice/assets/icons/trash-bin.png": "11c7f4418e3e52bc3acec3d06159ed558b4f65d5",
    "/landlordselfservice/assets/icons/truebyl_header_logo.png": "d8b38a59898f84b8e3b194e4984881e4ee28eb92",
    "/landlordselfservice/assets/icons/upload.png": "6a19a27853a3244e1ae6e2a198e0e8a612d6d11b",
    "/landlordselfservice/assets/icons/upload_h.png": "2eed3b0005dadd9dc762e20439cb1abbe0a7a842",
    "/landlordselfservice/assets/icons/user-color.png": "cffa15067221b29808db72b2b4277a3cab264fd3",
    "/landlordselfservice/assets/icons/user-customer-profile.png": "d02ffebaa9fd7d4f07ef7a49b0922dcd1227b6c9",
    "/landlordselfservice/assets/icons/user.png": "92f00da8a4b232c9b665fa26b55d8e752305d412",
    "/landlordselfservice/assets/icons/view.png": "cefed02321c0ba7e7d03a74c1aa579dec35ac037",
    "/landlordselfservice/assets/icons/viewdetils.png": "7d40dcd147875bae5e08088428f9c72a38b3f14f",
    "/landlordselfservice/assets/icons/viewdetils_new.png": "20d1a4dec3c0cc89ef6cfceb650f915bf721de0c",
    "/landlordselfservice/assets/icons/xls.png": "c1b3d1b6a5785c3101116e4d33b1cdc0075c0b62",
    "/landlordselfservice/assets/icons/xx.png": "29e3113b3daa6b58d0bf231c70905c824692baae",
    "/landlordselfservice/env.js": "2d48717aae6ff1f8818a67ee79b74732b10010aa",
    "/landlordselfservice/index.html": "0d7930a702384ee6410cbc8370ea5b4253c4768e",
    "/landlordselfservice/main.c9165b32e2abf223.js": "8fcf024d8dcb8a3f39f03f95264ce350c2024019",
    "/landlordselfservice/manifest.webmanifest": "41fb76e27a79167471ac3ac83860e31a31feb2af",
    "/landlordselfservice/polyfills.1d0f651ffcd89c18.js": "01711bf49ed4dda451d70b34c2dd394a87d48d35",
    "/landlordselfservice/runtime.08b7758cf25f67ca.js": "9c671522b797970e892ea07b9fa7ec516deecbc1",
    "/landlordselfservice/styles.4673531f10c4fad8.css": "c1a6c026cbef7695d178e53dfafb0b522a8c9501"
  },
  "navigationUrls": [
    {
      "positive": true,
      "regex": "^\\/.*$"
    },
    {
      "positive": false,
      "regex": "^\\/(?:.+\\/)?[^/]*\\.[^/]*$"
    },
    {
      "positive": false,
      "regex": "^\\/(?:.+\\/)?[^/]*__[^/]*$"
    },
    {
      "positive": false,
      "regex": "^\\/(?:.+\\/)?[^/]*__[^/]*\\/.*$"
    }
  ],
  "navigationRequestStrategy": "performance"
}