<?xml version="1.0" encoding="UTF-8"?>
<rulesconfig version="4.2.1_2">
   <jardir>C:\Users\arnab.bhattacharya</jardir>
   <jarname>output</jarname>
   <bundle_version>0</bundle_version>
   <serviceport>8080</serviceport>
   <nativeevaluator>false</nativeevaluator>
   <onload/>
   <connector assettype="Create" batch="false" classlocation="[PostgreSQL_DRIVER_LOCATION]"
              connname="TRUEBYL"
              conntype="DBLINK"
              dbtype="POSTGRESQL"
              desc=""
              driverclassname="org.postgresql.Driver"
              engine="dbconnectionpool"
              exposed="false"
              initialpoolsize="1"
              maxpoolsize="-1"
              name="partner_DB_Connector@dblink"
              public="false"
              responsetype="TEXT"
              url="[PostgreSQL_CONNECTION_STRING]"
              usemaxpoolsize="false"
              username="[partner_DB_USERNAME]"
              xadsclassname="org.postgresql.xa.PGXADataSource">
      <password algo="md5" password="partner_DB_PASSWORD" usepwdman="true"/>
   </connector>
   <connector assettype="Create" batch="false" childfirst="false"
              classloc="C:\Users\arnab.bhattacharya/PAREExportBundles/GalaxySimulator/lib/truebyllibrary.jar"
              classname="com.filelogger.FileLogger"
              conntype="CLASS"
              desc=""
              exposed="false"
              itype="Singleton"
              name="Connector_Logger"
              public="false"
              responsetype="TEXT"
              username="">
      <password algo="md5" password="" usepwdman="true"/>
   </connector>
   <field assettype="Create" batch="false" datatype="STRING" desc="" encrypted="false"
          exposed="false"
          fieldtype="USER"
          name="EngineName"
          public="false"
          responsetype="TEXT"
          threadlocal="true"
          valuestr=""/>
   <field assettype="Create" batch="false" datatype="STRING" desc="" encrypted="false"
          exposed="false"
          fieldtype="USER"
          name="LogMessage"
          public="false"
          responsetype="TEXT"
          threadlocal="true"
          valuestr=""/>
   <field assettype="Create" batch="false" datatype="STRING" desc="" encrypted="false"
          exposed="false"
          fieldtype="USER"
          name="ResponseJson"
          public="false"
          responsetype="TEXT"
          threadlocal="true"
          valuestr=""/>
   <action assettype="Create" batch="false" desc="" exposed="false" methodname="runCmd"
           name="script_act_Crest_Lms_Galaxy_Reject_Api_Dummy"
           public="false"
           responsetype="TEXT"
           type="Script">
      <param datatype="STRING" help="inputJson"/>
      <script scripttype="Javascript">var engineName = "GalaxySimulator";
var logLevel = "Error : ";
var apiName = "script_act_Crest_Lms_Galaxy_Reject_Api_Dummy";

print("input Json is = "+inputJson);
try
{
 	json = JSON.parse(inputJson);
}
catch(e)
{
	v_LogMessage.set("Error parsing Json");
	Connector_Logger_writeLine2.call(v_EngineName.get(),logLevel+apiName+v_LogMessage.get(),PARTITION_ID);
	Connector_Logger_writeLine2.call(v_EngineName.get(),logLevel+apiName+getLastErrorStack.call(),PARTITION_ID);
	throw "&lt;&lt;&lt; "+logLevel+v_LogMessage.get()+" &gt;&gt;&gt;";	
}

var activityId = json[0].ActivityId;
print("ActivityId = "+activityId);
var siteId = json[0].SiteId;
print("SiteId = "+siteId);
var submitDate = json[0].SubmitDate;
print("SubmitDate = "+submitDate);
var rejectReason = json[0].RejectReason;
print("RejectReason = "+rejectReason);
var galaxyRejectStatus = "FAILURE";
var galaxyRejectStatusDesc = "Ticket not generated successfully.";

var responseJson = '[ { "ActivityId": '+activityId+ ', "SiteId": "' +siteId+ '" , "SubmitDate": "' +submitDate+ '" , "RejectReason": "' +rejectReason+ '" , "GalaxyRejectStatus": "' +galaxyRejectStatus+ '", "GalaxyRejectStatusDesc": "' +galaxyRejectStatusDesc+ '" } ]';

//v_responseJson.set(responseJson);
v_ResponseJson.set(responseJson);</script>
      <reference name="getLastErrorStack"/>
      <reference name="EngineName"/>
      <reference name="LogMessage"/>
      <reference name="ResponseJson"/>
   </action>
   <action assettype="Create" batch="false" desc="Sets value of field EngineName"
           exposed="false"
           field="EngineName"
           methodname="runCmd"
           name="EngineName ="
           public="false"
           responsetype="TEXT"
           type="Setter">
      <param datatype="STRING" help="Value of the field EngineName"/>
   </action>
   <action assettype="Create" batch="false" desc="Sets value of field LogMessage"
           exposed="false"
           field="LogMessage"
           methodname="runCmd"
           name="LogMessage ="
           public="false"
           responsetype="TEXT"
           type="Setter">
      <param datatype="STRING" help="Value of the field LogMessage"/>
   </action>
   <action assettype="Create" batch="false" desc="" exposed="false" methodname="runCmd"
           name="Test"
           public="false"
           responsetype="TEXT"
           type="Script">
      <script scripttype="Javascript">var activityId = 12;
var siteId = 'sId';
var submitDate = '10/12/2023';
var rejectReason = 'rReason';
var galaxyRejectStatus = "SUCCESS";
var galaxyRejectStatusDesc = "Ticket generated successfully.";

var responseJson = '[ { "ActivityId": '+activityId+ ', "SiteId": "' +siteId+ '" , "SubmitDate": "' +submitDate+ '" , "RejectReason": "' +rejectReason+ '" , "GalaxyRejectStatus": "' +galaxyRejectStatus+ '", "GalaxyRejectStatusDesc": "' +galaxyRejectStatusDesc+ '" } ]';
print(responseJson);</script>
   </action>
   <function assettype="Create" batch="false" desc="" exposed="true"
             expression="[ResponseJson]"
             methodname="runCmd"
             name="Crest_Lms_Galaxy_Reject_Api_Dummy"
             public="false"
             responsetype="JSON"
             returntype="STRING"
             type="Result">
      <param datatype="STRING" help="inputJson"/>
      <action name="script_act_Crest_Lms_Galaxy_Reject_Api_Dummy" params="[inputJson]"/>
      <reference name="ResponseJson"/>
   </function>
   <action assettype="Create" batch="false" desc="Sets value of field ResponseJson"
           exposed="false"
           field="ResponseJson"
           methodname="runCmd"
           name="ResponseJson ="
           public="false"
           responsetype="TEXT"
           type="Setter">
      <param datatype="STRING" help="Value of the field ResponseJson"/>
   </action>
</rulesconfig>