<?xml version="1.0" encoding="UTF-8"?>
<rulesconfig version="4.1.0_0">
   <jardir>D:\PARE</jardir>
   <jarname>output</jarname>
   <bundle_version>1</bundle_version>
   <serviceport>8080</serviceport>
   <nativeevaluator>false</nativeevaluator>
   <onload/>
   <connector assettype="Create" batch="false" childfirst="false"
              classloc="C:\Users\ayan.chakraborty/PAREExportBundles/FileLogger/lib/truebyllibrary.jar"
              classname="com.filelogger.FileLogger"
              conntype="CLASS"
              desc=""
              exposed="false"
              itype="Singleton"
              name="FileLogger"
              public="false"
              responsetype="TEXT"
              username="">
      <password password="" usepwdman="true"/>
   </connector>
   <action assettype="Create" batch="false" classconnector="FileLogger"
           desc="Action writeLine2 of Class FileLogger"
           exposed="true"
           methodname="writeLine2"
           name="FileLogger.writeLine2"
           public="true"
           responsetype="TEXT"
           type="Custom">
      <param datatype="STRING" help="arg0"/>
      <param datatype="STRING" help="arg1"/>
      <param datatype="STRING" help="arg2"/>
   </action>
</rulesconfig>