<?xml version="1.0" encoding="UTF-8"?>
<rulesconfig version="4.2.2.3">
   <jardir>C:\Users\abhra/PAREExportBundles/GalaxyIntegration/lib</jardir>
   <jarname>output</jarname>
   <bundle_version>6</bundle_version>
   <serviceport>8090</serviceport>
   <nativeevaluator>false</nativeevaluator>
   <onload/>
   <field assettype="Create" batch="false" datatype="STRING" desc="" encrypted="false"
          exposed="false"
          fieldtype="USER"
          name="galaxy_field"
          public="false"
          responsetype="TEXT"
          threadlocal="false"
          valuestr="{   &#34;ActivityId&#34;: 619356,   &#34;Circle&#34;: &#34;KOL/NESA&#34;,   &#34;SiteId&#34;: &#34;STIPL-KOL-691&#34;,   &#34;SiteName&#34;: &#34;Alamin Telecom-Kulberia&#34;,   &#34;SiteType&#34;: &#34;ODSC&#34;,   &#34;SubmitBy&#34;: &#34;Amitabha Majumder&#34;,   &#34;SubmitDate&#34;: &#34;12/05/2022&#34;,   &#34;ReadingDate&#34;: &#34;12/05/2022&#34;,   &#34;PreviousReadingDate&#34;: &#34;12/04/2022&#34;,   &#34;SubMeterNo&#34;: &#34;10&#34;,   &#34;CurrentSubMeterReading&#34;: 700,   &#34;PreviousSubMeterReading&#34;: 702,   &#34;CurrentSubMeterPicURL&#34;: &#34;https://www.trinityapplab.in/SpaceTeleinfra/files/Dec-2022-28/16722453609655140_5144_1-5140.jpg&#34;,   &#34;CurrentRemark&#34;: &#34;&#34; }"/>
   <field assettype="Create" batch="false" datatype="STRING" desc="" encrypted="false"
          exposed="false"
          fieldtype="USER"
          name="PartnerToken"
          public="false"
          responsetype="TEXT"
          threadlocal="true"
          valuestr=""/>
   <action assettype="Create" batch="false" desc="Sets value of field galaxy_field"
           exposed="false"
           field="galaxy_field"
           methodname="runCmd"
           name="galaxy_field ="
           public="false"
           responsetype="TEXT"
           type="Setter">
      <param datatype="STRING" help="Value of the field galaxy_field"/>
   </action>
   <field assettype="Create" batch="false" datatype="STRING" desc="" encrypted="false"
          exposed="false"
          fieldtype="USER"
          name="GalaxyLoginToken"
          public="false"
          responsetype="TEXT"
          threadlocal="true"
          valuestr=""/>
   <action assettype="Create" batch="false" desc="Sets value of field PartnerToken"
           exposed="false"
           field="PartnerToken"
           methodname="runCmd"
           name="PartnerToken ="
           public="false"
           responsetype="TEXT"
           type="Setter">
      <param datatype="STRING" help="Value of the field PartnerToken"/>
   </action>
   <function assettype="Create" batch="false" desc="" exposed="true"
             expression="[galaxy_field]"
             methodname="runCmd"
             name="galaxy_func"
             public="true"
             responsetype="TEXT"
             returntype="STRING"
             type="Result">
      <param datatype="STRING" help="StartDate"/>
      <param datatype="STRING" help="EndDate"/>
      <action name="PartnerToken =" params="{Builtin.contextAccessToken()}"/>
      <reference name="contextAccessToken"/>
      <reference name="galaxy_field"/>
   </function>
   <connector assettype="Create" batch="false" classlocation="[PostgreSQL_DRIVER_LOCATION]"
              connname="TRUEBYL"
              conntype="DBLINK"
              dbtype="POSTGRESQL"
              desc=""
              driverclassname="org.postgresql.Driver"
              engine="dbconnectionpool"
              exposed="false"
              initialpoolsize="1"
              maxpoolsize="-1"
              name="partner_DB_Connector@dblink"
              public="false"
              responsetype="TEXT"
              url="[PostgreSQL_CONNECTION_STRING]"
              usemaxpoolsize="false"
              username="[partner_DB_USERNAME]"
              xadsclassname="org.postgresql.xa.PGXADataSource">
      <password algo="md5" password="partner_DB_PASSWORD" usepwdman="true"/>
   </connector>
   <field assettype="Create" batch="false" datatype="STRING" desc="" encrypted="false"
          exposed="false"
          fieldtype="USER"
          name="PartitionId"
          public="false"
          responsetype="TEXT"
          threadlocal="true"
          valuestr=""/>
   <action assettype="Create" batch="false" connector="partner_DB_Connector@dblink"
           desc=""
           exposed="false"
           methodname="runCmd"
           name="lms_pdml"
           public="false"
           querytype="INSERT"
           responsetype="TEXT"
           table="crest_lms_galaxy_run_stat"
           type="PDML">
      <col name="rundate" ptype="DATETIME" stype="93" value="{Builtin.timestamp()}"/>
      <reference name="timestamp"/>
   </action>
   <action assettype="Create" batch="false" desc="" exposed="false" handleerror="true"
           methodname="runCmd"
           name="on_error_populate_stats"
           public="false"
           responsetype="TEXT"
           type="OnError">
      <normalaction name="lms_pdml" params=""/>
      <erroraction name="sysout" params="{Builtin.getLastError()}"/>
      <reference name="getLastError"/>
   </action>
   <datasource assettype="Create" batch="false" connector="partner_DB_Connector@dblink"
               desc=""
               dstype="QueryString"
               exposed="false"
               expression="select (case &#xA; when strdt is null then&#xA;   endt&#xA; when strdt &gt;endt then &#xA; endt&#xA; else &#xA;   strdt   &#xA;end&#xA;) startdate,endt enddate&#xA;from (&#xA;select max(rundate),to_char((max(rundate)+interval '1 day'),'ddMMYYYY') as strdt ,&#xA; to_char((now()-interval'1 day'),'ddMMYYYY')as endt from crest_lms_galaxy_run_stat) t1"
               fetchsize="16"
               name="lms_galaxy_run_stat"
               public="false"
               responsetype="TEXT"
               volatile="true"/>
   <field assettype="Create" batch="false" datasource="lms_galaxy_run_stat"
          datatype="STRING"
          desc=""
          element="enddate"
          exposed="false"
          fieldtype="DATASRC"
          name="lms_galaxy_run_stat.enddate"
          public="false"
          responsetype="TEXT"
          threadlocal="true"/>
   <connector assettype="Create" batch="false" childfirst="false"
              classloc="C:\Users\abhra/PAREExportBundles/GalaxyIntegration/lib/truebyllibrary.jar"
              classname="com.filelogger.FileLogger"
              conntype="CLASS"
              desc=""
              exposed="false"
              itype="Singleton"
              name="Connector_Logger"
              public="false"
              responsetype="TEXT"
              username="">
      <password algo="md5" password="" usepwdman="true"/>
   </connector>
   <action assettype="Create" batch="false" classconnector="Connector_Logger"
           desc="Action writeLine2 of Class Connector_Logger"
           exposed="false"
           methodname="writeLine2"
           name="Connector_Logger.writeLine2"
           public="false"
           responsetype="TEXT"
           type="Custom">
      <param datatype="STRING" help="arg0"/>
      <param datatype="STRING" help="arg1"/>
      <param datatype="STRING" help="arg2"/>
   </action>
   <field assettype="Create" batch="false" datatype="STRING" desc="" encrypted="false"
          exposed="false"
          fieldtype="USER"
          name="LogMessage"
          public="false"
          responsetype="TEXT"
          threadlocal="true"
          valuestr=""/>
   <field assettype="Create" batch="false" datatype="STRING" desc="" encrypted="false"
          exposed="false"
          fieldtype="USER"
          name="EngineName"
          public="false"
          responsetype="TEXT"
          threadlocal="false"
          valuestr="GalaxyIntegration"/>
   <field assettype="Create" batch="false" datatype="STRING" desc="" encrypted="false"
          exposed="false"
          fieldtype="USER"
          name="LogLevel"
          public="false"
          responsetype="TEXT"
          threadlocal="true"
          valuestr=""/>
   <field assettype="Create" batch="false" datatype="STRING" desc="" encrypted="false"
          exposed="false"
          fieldtype="USER"
          name="APIName"
          public="false"
          responsetype="TEXT"
          threadlocal="true"
          valuestr=""/>
   <model assettype="Create" batch="false" dateformat="dd-MMM-yyyy HH:mm:ss" desc=""
          exposed="false"
          listrender="false"
          name="GalaxyAuth"
          package="com.pare.galaxy"
          public="false"
          responsetype="TEXT"
          rootname="GalaxyAuth"
          version="2">
      <element list="false" memberexp="[CREST_LMS_GALAXY_LOGIN_API_USERID]"
               memberexptype="STRING"
               membertype="Expression"
               varname="username"/>
      <element list="false" memberexp="[CREST_LMS_GALAXY_LOGIN_API_PASSWORD]"
               memberexptype="STRING"
               membertype="Expression"
               varname="password"/>
   </model>
   <function assettype="Create" authtype="BEARER" batch="false" bearer="[GalaxyLoginToken]"
             desc=""
             downloadloc=""
             exposed="false"
             isdownload="false"
             method="GET"
             methodname="runCmd"
             name="rc_Get_Galaxy_Details.galaxy_func"
             proxyenabled="false"
             public="false"
             rawbody="false"
             rawdata=""
             rawmediatype="TEXT"
             readtimeout="600"
             responsetype="TEXT"
             returntype="STRING"
             type="RestService"
             url="[CREST_LMS_GALAXY_METER_READING_API_URL]?startDate=[StartDate]&amp;endDate=[EndDate]"
             writetimeout="600">
      <param datatype="STRING" help="StartDate"/>
      <param datatype="STRING" help="EndDate"/>
      <body key="EndDate" value="[EndDate]"/>
      <body key="StartDate" value="[StartDate]"/>
      <reference name="GalaxyLoginToken"/>
   </function>
   <function assettype="Create" authtype="BEARER" batch="false"
             bearer="[CREST_LMS_ADMIN_TOKEN]"
             desc=""
             downloadloc=""
             exposed="false"
             isdownload="false"
             method="POST"
             methodname="runCmd"
             name="rc_Galaxy.addGalaxyRecord"
             proxyenabled="false"
             public="false"
             rawbody="false"
             rawdata=""
             rawmediatype="TEXT"
             readtimeout="600"
             responsetype="TEXT"
             returntype="STRING"
             type="RestService"
             url="[SERVER_PROTOCOL]://[SERVER_IP]:[SERVER_PORT]/RuleServer/services/Galaxy/assets/addGalaxyRecord"
             writetimeout="600">
      <param datatype="STRING" help="submeterReadingJson"/>
      <body key="submeterReadingJson" value="[submeterReadingJson]"/>
   </function>
   <field assettype="Create" batch="false" datatype="STRING" desc="" encrypted="false"
          exposed="false"
          fieldtype="USER"
          name="api_rest"
          public="false"
          responsetype="TEXT"
          threadlocal="true"
          valuestr=""/>
   <action assettype="Create" batch="false" desc="Sets value of field api_rest"
           exposed="false"
           field="api_rest"
           methodname="runCmd"
           name="api_rest ="
           public="false"
           responsetype="TEXT"
           type="Setter">
      <param datatype="STRING" help="Value of the field api_rest"/>
   </action>
   <field assettype="Create" batch="false" datasource="lms_galaxy_run_stat"
          datatype="STRING"
          desc=""
          element="startdate"
          exposed="false"
          fieldtype="DATASRC"
          name="lms_galaxy_run_stat.startdate"
          public="false"
          responsetype="TEXT"
          threadlocal="true"/>
   <function assettype="Create" batch="false"
             desc="Extracts the JSON string representing Model GalaxyAuth"
             exposed="false"
             methodname="runCmd"
             model="GalaxyAuth"
             name="GalaxyAuth.Json"
             public="false"
             responsetype="TEXT"
             returntype="STRING"
             type="ModelJson"/>
   <function assettype="Create" authtype="NONE" batch="false" bearer="" desc=""
             downloadloc=""
             exposed="false"
             isdownload="false"
             method="POST"
             methodname="runCmd"
             name="rc_Galaxy_login_userid"
             proxyenabled="false"
             public="false"
             rawbody="true"
             rawdata="{GalaxyAuth.Json()}"
             rawmediatype="JSON"
             readtimeout="600"
             responsetype="TEXT"
             returntype="STRING"
             type="RestService"
             url="[CREST_LMS_GALAXY_LOGIN_API_URL]"
             writetimeout="600">
      <header key="Content-Type" value="application/json"/>
      <body key="username" value="[CREST_LMS_GALAXY_LOGIN_API_USERID]"/>
      <reference name="GalaxyAuth.Json"/>
   </function>
   <action assettype="Create" batch="false" breakonsuccess="false" desc="" exposed="false"
           methodname="runCmd"
           name="rc_sequence_get_galaxy_details"
           public="false"
           responsetype="TEXT"
           serialized="false"
           threadmode="false"
           type="Sequence">
      <subscriber action="api_rest ="
                  params="{rc_Get_Galaxy_Details.galaxy_func([lms_galaxy_run_stat.startdate],[lms_galaxy_run_stat.enddate])}"/>
      <subscriber action="sysout" params="[api_rest]"/>
      <reference name="rc_Get_Galaxy_Details.galaxy_func"/>
      <reference name="lms_galaxy_run_stat.startdate"/>
      <reference name="lms_galaxy_run_stat.enddate"/>
      <reference name="api_rest"/>
   </action>
   <action assettype="Create" batch="false" desc="Sets value of field PartitionId"
           exposed="false"
           field="PartitionId"
           methodname="runCmd"
           name="PartitionId ="
           public="false"
           responsetype="TEXT"
           type="Setter">
      <param datatype="STRING" help="Value of the field PartitionId"/>
   </action>
   <action assettype="Create" batch="false" desc="Sets value of field LogMessage"
           exposed="false"
           field="LogMessage"
           methodname="runCmd"
           name="LogMessage ="
           public="false"
           responsetype="TEXT"
           type="Setter">
      <param datatype="STRING" help="Value of the field LogMessage"/>
   </action>
   <field assettype="Create" batch="false" datatype="STRING" desc="" encrypted="false"
          exposed="false"
          fieldtype="USER"
          name="Galaxy_Login_Response"
          public="false"
          responsetype="TEXT"
          threadlocal="true"
          valuestr=""/>
   <action assettype="Create" batch="false"
           desc="Sets value of field Galaxy_Login_Response"
           exposed="false"
           field="Galaxy_Login_Response"
           methodname="runCmd"
           name="Galaxy_Login_Response ="
           public="false"
           responsetype="TEXT"
           type="Setter">
      <param datatype="STRING" help="Value of the field Galaxy_Login_Response"/>
   </action>
   <action assettype="Create" batch="false" desc="Sets value of field GalaxyLoginToken"
           exposed="false"
           field="GalaxyLoginToken"
           methodname="runCmd"
           name="GalaxyLoginToken ="
           public="false"
           responsetype="TEXT"
           type="Setter">
      <param datatype="STRING" help="Value of the field GalaxyLoginToken"/>
   </action>
   <action assettype="Create" batch="false" desc="" exposed="false" handleerror="true"
           methodname="runCmd"
           name="onError_GalaxtyLogin"
           public="false"
           responsetype="TEXT"
           type="OnError">
      <normalaction name="sysout" params="Logging in into Galaxy...."/>
      <normalaction name="Galaxy_Login_Response =" params="{rc_Galaxy_login_userid()}"/>
      <normalaction name="GalaxyLoginToken ="
                    params="{Builtin.parseJson([Galaxy_Login_Response],token)}"/>
      <normalaction name="sysout" params="Galaxy Login Token is - [GalaxyLoginToken]"/>
      <erroraction name="LogMessage ="
                   params="Unable to authenticate with Galaxy. {Builtin.getLastError()}"/>
      <erroraction name="Connector_Logger.writeLine2"
                   params="[EngineName],[LogLevel][APIName][LogMessage],[PARTITION_ID]"/>
      <erroraction name="exception" params="{Builtin.getLastError()}"/>
      <reference name="rc_Galaxy_login_userid"/>
      <reference name="parseJson"/>
      <reference name="Galaxy_Login_Response"/>
      <reference name="GalaxyLoginToken"/>
      <reference name="getLastError"/>
      <reference name="EngineName"/>
      <reference name="LogLevel"/>
      <reference name="APIName"/>
      <reference name="LogMessage"/>
   </action>
   <datasource assettype="Create" batch="false" connector="partner_DB_Connector@dblink"
               desc=""
               dstype="QueryString"
               exposed="false"
               expression="select count(1) from crest_lms_galaxy_run_stat where (rundate::date &gt;= now()::date)"
               fetchsize="16"
               name="ds_galaxy_run_check"
               public="false"
               responsetype="TEXT"
               volatile="true"/>
   <action assettype="Create" batch="false" datasource="ds_galaxy_run_check"
           desc="This action releases thread specific cursors or resultsets. This is safe to use in a multi threaded processing scenario as the impact is limited to calling thread."
           exposed="false"
           methodname="runCmd"
           name="ds_galaxy_run_check.Refresh"
           public="false"
           responsetype="TEXT"
           type="RefreshDS"/>
   <field assettype="Create" batch="false" datasource="ds_galaxy_run_check"
          datatype="LONG"
          desc=""
          element="count"
          exposed="false"
          fieldtype="DATASRC"
          name="ds_galaxy_run_check.count"
          public="false"
          responsetype="TEXT"
          threadlocal="true"/>
   <field assettype="Create" batch="false" datatype="STRING" desc="" encrypted="false"
          exposed="false"
          fieldtype="USER"
          name="GalaxyMeterReadingResponse"
          public="false"
          responsetype="TEXT"
          threadlocal="true"
          valuestr=""/>
   <action assettype="Create" batch="false"
           desc="Sets value of field GalaxyMeterReadingResponse"
           exposed="false"
           field="GalaxyMeterReadingResponse"
           methodname="runCmd"
           name="GalaxyMeterReadingResponse ="
           public="false"
           responsetype="TEXT"
           type="Setter">
      <param datatype="STRING" help="Value of the field GalaxyMeterReadingResponse"/>
   </action>
   <action assettype="Create" batch="false" datasource="lms_galaxy_run_stat"
           desc="This action releases thread specific cursors or resultsets. This is safe to use in a multi threaded processing scenario as the impact is limited to calling thread."
           exposed="false"
           methodname="runCmd"
           name="lms_galaxy_run_stat.Refresh"
           public="false"
           responsetype="TEXT"
           type="RefreshDS"/>
   <action assettype="Create" batch="false" datasource="lms_galaxy_run_stat"
           desc="This action will reset all active Cursors and cleanup cached data. This action also cleans up all data from User Datasource and Memory Datasource. Use with caution. Do not call this method during multi-threaded processing."
           exposed="false"
           methodname="runCmd"
           name="lms_galaxy_run_stat.Reset"
           public="false"
           responsetype="TEXT"
           type="ResetDS"/>
   <action assettype="Create" batch="false" desc="" exposed="false" handleerror="true"
           methodname="runCmd"
           name="onError_GalaxMeterReading"
           public="false"
           responsetype="TEXT"
           type="OnError">
      <normalaction name="lms_galaxy_run_stat.Reset" params=""/>
      <normalaction name="lms_galaxy_run_stat.Refresh" params=""/>
      <normalaction name="GalaxyMeterReadingResponse ="
                    params="{rc_Get_Galaxy_Details.galaxy_func([lms_galaxy_run_stat.startdate],[lms_galaxy_run_stat.enddate])}"/>
      <normalaction name="LogMessage ="
                    params="Response received from Galaxy for date query from  [lms_galaxy_run_stat.startdate] to [lms_galaxy_run_stat.enddate]"/>
      <normalaction name="Connector_Logger.writeLine2"
                    params="[EngineName],[LogLevel][APIName][LogMessage],[PARTITION_ID]"/>
      <normalaction name="LogMessage =" params="[GalaxyMeterReadingResponse]"/>
      <normalaction name="Connector_Logger.writeLine2"
                    params="[EngineName],[LogLevel][APIName][LogMessage],[PARTITION_ID]"/>
      <erroraction name="sysout" params="Error stack is {Builtin.getLastErrorStack()}"/>
      <erroraction name="LogMessage ="
                   params="Unable to get merer reading data from Galaxy. {Builtin.getLastError()}."/>
      <erroraction name="Connector_Logger.writeLine2"
                   params="[EngineName],[LogLevel][APIName][LogMessage],[PARTITION_ID]"/>
      <erroraction name="exception" params="{Builtin.getLastError()}"/>
      <reference name="rc_Get_Galaxy_Details.galaxy_func"/>
      <reference name="lms_galaxy_run_stat.startdate"/>
      <reference name="lms_galaxy_run_stat.enddate"/>
      <reference name="EngineName"/>
      <reference name="LogLevel"/>
      <reference name="APIName"/>
      <reference name="LogMessage"/>
      <reference name="GalaxyMeterReadingResponse"/>
      <reference name="getLastErrorStack"/>
      <reference name="getLastError"/>
   </action>
   <datasource assettype="Create" batch="false" desc="" dstype="Json" exposed="false"
               ispath="false"
               jsonpath="[GalaxyMeterReadingResponse]"
               name="ds_JSONGalaxyMeterData"
               public="false"
               responsetype="TEXT"
               rowpath="/"
               volatile="true">
      <column name="root" value="/"/>
      <reference name="GalaxyMeterReadingResponse"/>
   </datasource>
   <field assettype="Create" batch="false" datasource="ds_JSONGalaxyMeterData"
          datatype="STRING"
          desc=""
          element="root"
          exposed="false"
          fieldtype="DATASRC"
          name="ds_JSONGalaxyMeterData.root"
          public="false"
          responsetype="TEXT"
          threadlocal="true"/>
   <action assettype="Create" batch="false" datasource="ds_galaxy_run_check"
           desc="This action will reset all active Cursors and cleanup cached data. This action also cleans up all data from User Datasource and Memory Datasource. Use with caution. Do not call this method during multi-threaded processing."
           exposed="false"
           methodname="runCmd"
           name="ds_galaxy_run_check.Reset"
           public="false"
           responsetype="TEXT"
           type="ResetDS"/>
   <connector assettype="Create" batch="false" childfirst="false"
              classloc="C:\Users\abhra/PAREExportBundles/GalaxyIntegration/lib/FileLogger.jar"
              classname="filelogger.FileLogger"
              conntype="CLASS"
              desc=""
              exposed="false"
              itype="Singleton"
              name="rejectedFileLogger"
              public="false"
              responsetype="TEXT"
              username="">
      <password algo="md5" password="" usepwdman="true"/>
   </connector>
   <action assettype="Create" batch="false" classconnector="rejectedFileLogger"
           desc="Action writeline of Class rejectedFileLogger"
           exposed="false"
           methodname="writeline"
           name="rejectedFileLogger.writeline"
           public="false"
           responsetype="TEXT"
           type="Custom">
      <param datatype="STRING" help="arg0"/>
   </action>
   <action assettype="Create" batch="false" desc="" exposed="false" handleerror="true"
           methodname="runCmd"
           name="onError_addGalaxMeterReading"
           public="false"
           responsetype="TEXT"
           type="OnError">
      <normalaction name="nullout"
                    params="{rc_Galaxy.addGalaxyRecord([ds_JSONGalaxyMeterData.root])}"/>
      <erroraction name="LogMessage ="
                   params="Unable to add merer reading data. {Builtin.getLastError()}"/>
      <erroraction name="Connector_Logger.writeLine2"
                   params="[EngineName],[LogLevel][APIName][LogMessage],[PARTITION_ID]"/>
      <erroraction name="rejectedFileLogger.writeline"
                   params="[ds_JSONGalaxyMeterData.root]|{Builtin.getLastError()}"/>
      <reference name="rc_Galaxy.addGalaxyRecord"/>
      <reference name="ds_JSONGalaxyMeterData.root"/>
      <reference name="getLastError"/>
      <reference name="EngineName"/>
      <reference name="LogLevel"/>
      <reference name="APIName"/>
      <reference name="LogMessage"/>
   </action>
   <action assettype="Create" batch="false" datasource="ds_JSONGalaxyMeterData"
           desc="This action releases thread specific cursors or resultsets. This is safe to use in a multi threaded processing scenario as the impact is limited to calling thread."
           exposed="false"
           methodname="runCmd"
           name="ds_JSONGalaxyMeterData.Refresh"
           public="false"
           responsetype="TEXT"
           type="RefreshDS"/>
   <action assettype="Create" batch="false" breakonerror="false"
           datasource="ds_JSONGalaxyMeterData"
           desc=""
           exposed="false"
           methodname="runCmd"
           name="job_addGalaxyMeterReading"
           numrows=""
           numthreads="1"
           public="false"
           responsetype="TEXT"
           type="Job">
      <member name="onError_addGalaxMeterReading" params=""/>
   </action>
   <action assettype="Create" batch="false" classconnector="rejectedFileLogger"
           desc="Action setPath of Class rejectedFileLogger"
           exposed="false"
           methodname="setPath"
           name="rejectedFileLogger.setPath"
           public="false"
           responsetype="TEXT"
           type="Custom">
      <param datatype="STRING" help="arg0"/>
   </action>
   <field assettype="Create" batch="false" datatype="DATETIME" desc="" exposed="false"
          fieldtype="NOW"
          name="CURRENT_DATETIME"
          public="false"
          responsetype="TEXT"
          threadlocal="true"/>
   <function assettype="Create" batch="false" desc="Formats a DATA/TIME type field"
             exposed="false"
             fieldname="CURRENT_DATETIME"
             methodname="date_formatter"
             name="CURRENT_DATETIME.Formatter"
             public="false"
             responsetype="TEXT"
             returntype="STRING"
             type="Formatter">
      <param datatype="STRING" help="Output Format"/>
   </function>
   <field assettype="Create" batch="false" datatype="STRING" desc="" encrypted="false"
          exposed="false"
          fieldtype="USER"
          name="Reject_File_Path"
          public="false"
          responsetype="TEXT"
          threadlocal="true"
          valuestr=""/>
   <action assettype="Create" batch="false" desc="Sets value of field Reject_File_Path"
           exposed="false"
           field="Reject_File_Path"
           methodname="runCmd"
           name="Reject_File_Path ="
           public="false"
           responsetype="TEXT"
           type="Setter">
      <param datatype="STRING" help="Value of the field Reject_File_Path"/>
   </action>
   <action assettype="Create" batch="false" desc="" exposed="false" methodname="runCmd"
           name="Rule_Check_Galaxy_Response_Empty"
           public="false"
           responsetype="TEXT"
           type="Rule">
      <ruleslot join="AND">
         <slot condition="'[GalaxyMeterReadingResponse]' == '[]'" useexp="true"/>
      </ruleslot>
      <trueaction name="sysout" params="No Records received from Galaxy..."/>
      <trueaction name="on_error_populate_stats" params=""/>
      <falseaction name="sysout" params="Records received from Galaxy. Will be processed...."/>
      <falseaction name="Reject_File_Path ="
                   params="[CREST_LMS_GALAXY_REJECT_FILE_PATH]GalaxyRejectFIle_{CURRENT_DATETIME.Formatter(yyyyMMddHHmmss)}.log"/>
      <falseaction name="sysout" params="Reject file is - [Reject_File_Path]"/>
      <falseaction name="rejectedFileLogger.setPath" params="[Reject_File_Path]"/>
      <falseaction name="job_addGalaxyMeterReading" params=""/>
      <falseaction name="sysout" params="Processing complete...."/>
      <falseaction name="on_error_populate_stats" params=""/>
      <reference name="CURRENT_DATETIME.Formatter"/>
      <reference name="Reject_File_Path"/>
      <reference name="GalaxyMeterReadingResponse"/>
   </action>
   <action assettype="Create" batch="false" desc="" exposed="false" methodname="runCmd"
           name="Rule_Check_Run_Process"
           public="false"
           responsetype="TEXT"
           type="Rule">
      <ruleslot join="AND">
         <slot condition="[ds_galaxy_run_check.count] &gt; 0" useexp="true"/>
      </ruleslot>
      <trueaction name="sysout"
                  params="Galaxy process already ran today. Not required to run again. Existing..."/>
      <falseaction name="sysout" params="Galaxy Record did not run today. Will be run now..."/>
      <falseaction name="onError_GalaxMeterReading" params=""/>
      <falseaction name="Rule_Check_Galaxy_Response_Empty" params=""/>
      <reference name="ds_galaxy_run_check.count"/>
   </action>
   <action assettype="Create" batch="true" breakonsuccess="false" desc="" exposed="false"
           methodname="runCmd"
           name="CREST_LMS_GALAXY_INTERFACE"
           public="false"
           responsetype="TEXT"
           serialized="false"
           threadmode="false"
           type="Sequence">
      <subscriber action="PartitionId =" params="[PARTITION_ID]"/>
      <subscriber action="onError_GalaxtyLogin" params=""/>
      <subscriber action="ds_galaxy_run_check.Reset" params=""/>
      <subscriber action="ds_galaxy_run_check.Refresh" params=""/>
      <subscriber action="Rule_Check_Run_Process" params=""/>
   </action>
</rulesconfig>