{
  "configVersion": 1,
  "timestamp": 1691644458484,
  "index": "/workflow/index.html",
  "assetGroups": [
    {
      "name": "app",
      "installMode": "prefetch",
      "updateMode": "prefetch",
      "cacheQueryOptions": {
        "ignoreVary": true
      },
      "urls": [
        "/workflow/env.js",
        "/workflow/favicon.ico",
        "/workflow/index.html",
        "/workflow/main.beee13daabd9cee2.js",
        "/workflow/polyfills.6dcaa1dbe1a617c3.js",
        "/workflow/runtime.8ea173dce9c50bf9.js",
        "/workflow/styles.4bef44468fb9496d.css"
      ],
      "patterns": []
    },
    {
      "name": "assets",
      "installMode": "lazy",
      "updateMode": "prefetch",
      "cacheQueryOptions": {
        "ignoreVary": true
      },
      "urls": [
        "/workflow/assets/beep.wav",
        "/workflow/assets/icons/Rate.png",
        "/workflow/assets/icons/account.png",
        "/workflow/assets/icons/addon-new.png",
        "/workflow/assets/icons/addon.png",
        "/workflow/assets/icons/addon_flat.png",
        "/workflow/assets/icons/back_arrow.png",
        "/workflow/assets/icons/back_arrow_w.png",
        "/workflow/assets/icons/barcode_scan.png",
        "/workflow/assets/icons/bell.png",
        "/workflow/assets/icons/bundle-new.png",
        "/workflow/assets/icons/bundle.png",
        "/workflow/assets/icons/calendar.png",
        "/workflow/assets/icons/calendar4.png",
        "/workflow/assets/icons/camera.png",
        "/workflow/assets/icons/cancel (1).png",
        "/workflow/assets/icons/cancel-active.png",
        "/workflow/assets/icons/cancel.png",
        "/workflow/assets/icons/cancel_new.png",
        "/workflow/assets/icons/check-box.png",
        "/workflow/assets/icons/check-mark.png",
        "/workflow/assets/icons/clear-filter-active.png",
        "/workflow/assets/icons/clear-filter.png",
        "/workflow/assets/icons/clock.png",
        "/workflow/assets/icons/clone.png",
        "/workflow/assets/icons/cloud-computing.png",
        "/workflow/assets/icons/company_logo.png",
        "/workflow/assets/icons/customer-rejected.png",
        "/workflow/assets/icons/customer-unverified.png",
        "/workflow/assets/icons/customer-verified.png",
        "/workflow/assets/icons/customer.png",
        "/workflow/assets/icons/customers.png",
        "/workflow/assets/icons/date.png",
        "/workflow/assets/icons/delete-button (1).png",
        "/workflow/assets/icons/discount-menubar.png",
        "/workflow/assets/icons/discount.png",
        "/workflow/assets/icons/discount_fixed.png",
        "/workflow/assets/icons/discount_percentage.png",
        "/workflow/assets/icons/dislike.png",
        "/workflow/assets/icons/down-arrow-2.png",
        "/workflow/assets/icons/down-arrow.png",
        "/workflow/assets/icons/edit.png",
        "/workflow/assets/icons/edit_active.png",
        "/workflow/assets/icons/edit_new.png",
        "/workflow/assets/icons/edited icons.rar",
        "/workflow/assets/icons/edited icons/addon-new.png",
        "/workflow/assets/icons/edited icons/bundle-new.png",
        "/workflow/assets/icons/edited icons/noemal-product-new.png",
        "/workflow/assets/icons/edited icons/products-new.png",
        "/workflow/assets/icons/edited icons/rate-new.png",
        "/workflow/assets/icons/faq.png",
        "/workflow/assets/icons/file.png",
        "/workflow/assets/icons/information-button.png",
        "/workflow/assets/icons/invoice.png",
        "/workflow/assets/icons/like.png",
        "/workflow/assets/icons/logout.png",
        "/workflow/assets/icons/menu-slider.png",
        "/workflow/assets/icons/my_task_h.png",
        "/workflow/assets/icons/noemal-product-new.png",
        "/workflow/assets/icons/non-tod.png",
        "/workflow/assets/icons/order_tickets.png",
        "/workflow/assets/icons/photo-camera.png",
        "/workflow/assets/icons/product-active.png",
        "/workflow/assets/icons/product.png",
        "/workflow/assets/icons/product_addon_menubar.png",
        "/workflow/assets/icons/product_addon_menubar_active.png",
        "/workflow/assets/icons/product_bundle_menubar.png",
        "/workflow/assets/icons/product_bundle_menubar_active.png",
        "/workflow/assets/icons/product_normal.png",
        "/workflow/assets/icons/product_normal_menubar.png",
        "/workflow/assets/icons/product_normal_menubar_active.png",
        "/workflow/assets/icons/products-main.png",
        "/workflow/assets/icons/products-new.png",
        "/workflow/assets/icons/published.png",
        "/workflow/assets/icons/rate-new.png",
        "/workflow/assets/icons/refresh.png",
        "/workflow/assets/icons/report.png",
        "/workflow/assets/icons/search-active.png",
        "/workflow/assets/icons/search.png",
        "/workflow/assets/icons/secure.png",
        "/workflow/assets/icons/star-blank.png",
        "/workflow/assets/icons/star.png",
        "/workflow/assets/icons/tax-menubar.png",
        "/workflow/assets/icons/taxes_fixed.png",
        "/workflow/assets/icons/taxes_percentage.png",
        "/workflow/assets/icons/tod.png",
        "/workflow/assets/icons/toggle-off.png",
        "/workflow/assets/icons/toggle-on.png",
        "/workflow/assets/icons/trash-bin.png",
        "/workflow/assets/icons/truebyl_header_logo.png",
        "/workflow/assets/icons/upload.png",
        "/workflow/assets/icons/upload_h.png",
        "/workflow/assets/icons/user-color.png",
        "/workflow/assets/icons/user-customer-profile.png",
        "/workflow/assets/icons/user.png",
        "/workflow/assets/icons/view.png",
        "/workflow/assets/icons/viewdetils.png",
        "/workflow/assets/icons/viewdetils_new.png",
        "/workflow/assets/icons/xx.png",
        "/workflow/material-icons-outlined.726ce93d707c68fc.woff",
        "/workflow/material-icons-outlined.c906ba755b27ba26.woff2",
        "/workflow/material-icons-round.0776e06e2a3a064f.woff2",
        "/workflow/material-icons-round.e31185ef00da89ea.woff",
        "/workflow/material-icons-sharp.91c10e4df10e6982.woff2",
        "/workflow/material-icons-sharp.f87c5a56029b4508.woff",
        "/workflow/material-icons-two-tone.25baaaa1197956d3.woff",
        "/workflow/material-icons-two-tone.35f2aa61ef301a39.woff2",
        "/workflow/material-icons.5777df53ac3998e2.woff2",
        "/workflow/material-icons.b5528a8a66da47ef.woff",
        "/workflow/materialdesignicons-webfont.015e757101df47a0.ttf",
        "/workflow/materialdesignicons-webfont.43f2dfd1bb7240af.woff2",
        "/workflow/materialdesignicons-webfont.52fd8e4e618a7784.woff"
      ],
      "patterns": []
    }
  ],
  "dataGroups": [],
  "hashTable": {
    "/workflow/assets/beep.wav": "0a41b9dfa69770b9b7b08b2dae78b6e11ab54aba",
    "/workflow/assets/icons/Rate.png": "768c5baf0cb0820a03b39f25824d9d33bd9cd4c8",
    "/workflow/assets/icons/account.png": "238123a45defb104309807c388c28079032ce0ef",
    "/workflow/assets/icons/addon-new.png": "dc1ece46c43afb0913fd2f48cde06bbb82a03bc5",
    "/workflow/assets/icons/addon.png": "2fa0ee87692ab590de2a7d0cdad02f87ee72364a",
    "/workflow/assets/icons/addon_flat.png": "ab4f9a4d9a147cabe503c06b49bce1bb5b2edbe4",
    "/workflow/assets/icons/back_arrow.png": "696545b2da4f964662b744e1f85415dc6e72e3ce",
    "/workflow/assets/icons/back_arrow_w.png": "eb05784c2321b2f8c7a24493289614449f4ac4ec",
    "/workflow/assets/icons/barcode_scan.png": "7707d7d151935775b8b5b437a2399ccdfaa32cc2",
    "/workflow/assets/icons/bell.png": "2b643154b69d6db4aba571220402612ad8968dd0",
    "/workflow/assets/icons/bundle-new.png": "99664df4f94c79e55fa119581adb291cf65e0d4a",
    "/workflow/assets/icons/bundle.png": "f83add40e6f214f30bafc25e07bf9d7d7c0b7c9a",
    "/workflow/assets/icons/calendar.png": "ff1892fa8bb265c6b99d49e5cab098e1d0c89f58",
    "/workflow/assets/icons/calendar4.png": "6e0af22fbbe788ec673bac54783574617a9c5c3b",
    "/workflow/assets/icons/camera.png": "2f673df65d9d39537a78d2bcfbe126e0e97f8713",
    "/workflow/assets/icons/cancel (1).png": "5eed7774ef290656ebd16880ba68c4d32be177d6",
    "/workflow/assets/icons/cancel-active.png": "97372d5002b3b9da276bcb666db8f375db309ebf",
    "/workflow/assets/icons/cancel.png": "d75fde834b415478ea2498e548d1b49f9a7a275b",
    "/workflow/assets/icons/cancel_new.png": "94a68315b27183de89af1122df8c02ab9a712456",
    "/workflow/assets/icons/check-box.png": "4234b5735d0559eb97f95217db6d178f2e06b250",
    "/workflow/assets/icons/check-mark.png": "587efe30109a2deec28f34e9a30216fb87bce6f4",
    "/workflow/assets/icons/clear-filter-active.png": "2cca95f24a2288b861ac197b2b67afccc75f629a",
    "/workflow/assets/icons/clear-filter.png": "4ecd6e9ec6a044ec245c155cc7734611cc08d457",
    "/workflow/assets/icons/clock.png": "aad8246db191320beafac73f5f7af8945379973a",
    "/workflow/assets/icons/clone.png": "31c2f13317dd1e369f045a9ddd65fd2e227a109e",
    "/workflow/assets/icons/cloud-computing.png": "6b44f07bc9d22da770fbba52543f625abfedf353",
    "/workflow/assets/icons/company_logo.png": "73d79defe5d5ba0a78d8e5e49b8a5d19d4978d2b",
    "/workflow/assets/icons/customer-rejected.png": "a37ff2059f699b8a3956c74bdf0ade7b2114c445",
    "/workflow/assets/icons/customer-unverified.png": "18863371d0ad931861cbbd19f73f200e0a97299b",
    "/workflow/assets/icons/customer-verified.png": "a84992dbbd52ed86f25432539b3d93c420caa196",
    "/workflow/assets/icons/customer.png": "b1bdf7637c65c11f3d8f0553fcfdeca8c7dac048",
    "/workflow/assets/icons/customers.png": "822513384c6cddc54ab799cc18e95e52532c323b",
    "/workflow/assets/icons/date.png": "92420b9fdd481676313267b6a985291d8d07199a",
    "/workflow/assets/icons/delete-button (1).png": "aeb438536fb3d9424a51a7448bea3f358d127166",
    "/workflow/assets/icons/discount-menubar.png": "a476f3119bf7446e3b3c138fe98837fc189f362c",
    "/workflow/assets/icons/discount.png": "e62abd4c27b8679bf29c82ba1fc74c85b8f7e754",
    "/workflow/assets/icons/discount_fixed.png": "ec912d75ec13bb8eef917247ece9328fefba8d55",
    "/workflow/assets/icons/discount_percentage.png": "39067500f16691f327a1f639c19df3385a638bd4",
    "/workflow/assets/icons/dislike.png": "3e4fd61a8b526637776eae75ad05e3c4b279696c",
    "/workflow/assets/icons/down-arrow-2.png": "67204d8b4866f8f0d3e404e741978c7649f290ac",
    "/workflow/assets/icons/down-arrow.png": "f08bb1fd3c138a5d74ef9c8bfde04a46c8f8c78d",
    "/workflow/assets/icons/edit.png": "ada18570017a8399e9e716e5def160517eac1ebd",
    "/workflow/assets/icons/edit_active.png": "395229957e0aaf9d1a2ff84cce1c7a9f4708ddc4",
    "/workflow/assets/icons/edit_new.png": "3f9e17a2b0f5740b1084ba2ace97a2eff5b856b2",
    "/workflow/assets/icons/edited icons.rar": "abc4359f825aea87a97362dcf1dfbb87daa07e27",
    "/workflow/assets/icons/edited icons/addon-new.png": "dc1ece46c43afb0913fd2f48cde06bbb82a03bc5",
    "/workflow/assets/icons/edited icons/bundle-new.png": "99664df4f94c79e55fa119581adb291cf65e0d4a",
    "/workflow/assets/icons/edited icons/noemal-product-new.png": "7d5345381c379d488653a024d08d7086c2ceaff3",
    "/workflow/assets/icons/edited icons/products-new.png": "e057fd5cc8ef01a838bcb0f7712eac6f15cb7606",
    "/workflow/assets/icons/edited icons/rate-new.png": "65bfcf5ac08ebe71b2e6d3900a23986f95c6b8a3",
    "/workflow/assets/icons/faq.png": "c9813765000163bf61c828db5f1c4144fd2a0c3a",
    "/workflow/assets/icons/file.png": "f366e723a67afde4d8e1292d6699da03fc6fdac1",
    "/workflow/assets/icons/information-button.png": "f81418b9f51025363332ed7a66bae3cb55a713c1",
    "/workflow/assets/icons/invoice.png": "35e62fa77b58699fb63c6ddeb9d6471fb9ab08b6",
    "/workflow/assets/icons/like.png": "5761b50e2a94df30980323db5a3d95645eb81086",
    "/workflow/assets/icons/logout.png": "b9e51435067e0487e2c8092dca80ccd890d01886",
    "/workflow/assets/icons/menu-slider.png": "3318f11e4584824a8f05caa0722ec3e4d39d007d",
    "/workflow/assets/icons/my_task_h.png": "123ac3155d2c020b1dadeed7e4d672c9465ae812",
    "/workflow/assets/icons/noemal-product-new.png": "7d5345381c379d488653a024d08d7086c2ceaff3",
    "/workflow/assets/icons/non-tod.png": "5ea0eb53d0585805e56aacca0822f78720e35cf8",
    "/workflow/assets/icons/order_tickets.png": "21066adfaf0e1989324a3c0f28dcbcaed05d279b",
    "/workflow/assets/icons/photo-camera.png": "2ac8325d1ce9935173a21ab84ff5642cafe7704e",
    "/workflow/assets/icons/product-active.png": "6887c6c2473712652ae15bcc6053bba27824e3df",
    "/workflow/assets/icons/product.png": "2a3225159a3db945682d22817074f46e81f7461d",
    "/workflow/assets/icons/product_addon_menubar.png": "326cccf2d5bcace9e660325303a362a04c5a34dc",
    "/workflow/assets/icons/product_addon_menubar_active.png": "08616d05e024a8c493f6f09af1218c7fef9438a2",
    "/workflow/assets/icons/product_bundle_menubar.png": "3d34c54e6642be896d4960d6f17245ca66e412a5",
    "/workflow/assets/icons/product_bundle_menubar_active.png": "f1fa59416887f1ea7c89b0e372d13ae816c2519a",
    "/workflow/assets/icons/product_normal.png": "b948ec7824e9dd9017a033bb935ee7aa55f321cd",
    "/workflow/assets/icons/product_normal_menubar.png": "098036894768aff3ebda1800acf19cdcfee40017",
    "/workflow/assets/icons/product_normal_menubar_active.png": "e172006acc19dcd7d549536675ee109582ae0155",
    "/workflow/assets/icons/products-main.png": "59542004d814300c709b2e4e03ccd7b1534ac1d6",
    "/workflow/assets/icons/products-new.png": "e057fd5cc8ef01a838bcb0f7712eac6f15cb7606",
    "/workflow/assets/icons/published.png": "c669cdc29bdec093b998828952fe989b2368597e",
    "/workflow/assets/icons/rate-new.png": "65bfcf5ac08ebe71b2e6d3900a23986f95c6b8a3",
    "/workflow/assets/icons/refresh.png": "dd84d45df65311e871b47f417d8a6f5848224b87",
    "/workflow/assets/icons/report.png": "4a218ed3d35614e2e4288b389fb2d0533ed52b19",
    "/workflow/assets/icons/search-active.png": "10b68469b09a2f5ebfdd2bb6db474e1d6b3dc24b",
    "/workflow/assets/icons/search.png": "bcf8ab847d916d6e04f3e3361b9381d8e6c38c0c",
    "/workflow/assets/icons/secure.png": "cffea4f5a72242f8cf2b9bae0205e1ea4ddad310",
    "/workflow/assets/icons/star-blank.png": "9372806076c8c33f4f52c45e6fa6a0f2025d3f75",
    "/workflow/assets/icons/star.png": "1ee085b91e54a4b5d484b1c9c288d995d2a833f1",
    "/workflow/assets/icons/tax-menubar.png": "daaa0df81f894bd6cedea6ea8d2400c90958aa7d",
    "/workflow/assets/icons/taxes_fixed.png": "c1f23745f5ad66c8b511ded7f6405f4ad7d26e51",
    "/workflow/assets/icons/taxes_percentage.png": "c482e5edebfe025fe1565b25aa53ccc1f01c93bf",
    "/workflow/assets/icons/tod.png": "52a81521c9e28977200c56a79424bf17a5fbfece",
    "/workflow/assets/icons/toggle-off.png": "3ce99eeebb18adf64ff214bf89792c17c53bcad4",
    "/workflow/assets/icons/toggle-on.png": "66f4b5dd81278389d7bcbb0811d64059321a16d0",
    "/workflow/assets/icons/trash-bin.png": "11c7f4418e3e52bc3acec3d06159ed558b4f65d5",
    "/workflow/assets/icons/truebyl_header_logo.png": "d8b38a59898f84b8e3b194e4984881e4ee28eb92",
    "/workflow/assets/icons/upload.png": "6a19a27853a3244e1ae6e2a198e0e8a612d6d11b",
    "/workflow/assets/icons/upload_h.png": "2eed3b0005dadd9dc762e20439cb1abbe0a7a842",
    "/workflow/assets/icons/user-color.png": "cffa15067221b29808db72b2b4277a3cab264fd3",
    "/workflow/assets/icons/user-customer-profile.png": "d02ffebaa9fd7d4f07ef7a49b0922dcd1227b6c9",
    "/workflow/assets/icons/user.png": "92f00da8a4b232c9b665fa26b55d8e752305d412",
    "/workflow/assets/icons/view.png": "cefed02321c0ba7e7d03a74c1aa579dec35ac037",
    "/workflow/assets/icons/viewdetils.png": "7d40dcd147875bae5e08088428f9c72a38b3f14f",
    "/workflow/assets/icons/viewdetils_new.png": "20d1a4dec3c0cc89ef6cfceb650f915bf721de0c",
    "/workflow/assets/icons/xx.png": "29e3113b3daa6b58d0bf231c70905c824692baae",
    "/workflow/env.js": "45b398f0d4c6e66b16de365478c9506ebf732744",
    "/workflow/favicon.ico": "22f6a4a3bcaafafb0254e0f2fa4ceb89e505e8b2",
    "/workflow/index.html": "1dc7119ef6fbee7e3dd072e2bab5204b63701438",
    "/workflow/main.beee13daabd9cee2.js": "d697277f086b834e173b7c87123bd9d9b7bcba62",
    "/workflow/material-icons-outlined.726ce93d707c68fc.woff": "bc1476cae6b74e9d8c1e157ac1fc759cd1a57288",
    "/workflow/material-icons-outlined.c906ba755b27ba26.woff2": "dbf85b6470365cd4f06514422f8aa35b6a952913",
    "/workflow/material-icons-round.0776e06e2a3a064f.woff2": "9d4addd843baad40c14d0b10b6e6aa2004ab3dc7",
    "/workflow/material-icons-round.e31185ef00da89ea.woff": "5f248531ea6d0a93315a8f5c33510dc0b8d93fc3",
    "/workflow/material-icons-sharp.91c10e4df10e6982.woff2": "943d14fc353f3b3616781b26862e415bbd1004ed",
    "/workflow/material-icons-sharp.f87c5a56029b4508.woff": "d5f99cdae47e60f58f19cc3d28ed84ef883d2a8b",
    "/workflow/material-icons-two-tone.25baaaa1197956d3.woff": "1874f2ab310a153be5fe3f4d5177056fd25ca2c1",
    "/workflow/material-icons-two-tone.35f2aa61ef301a39.woff2": "d33b97f470be98e49f139a01b69b2096f528a42e",
    "/workflow/material-icons.5777df53ac3998e2.woff2": "6295abc278899ea5e6333ac8adcf8e507b9290af",
    "/workflow/material-icons.b5528a8a66da47ef.woff": "c5541d0076350f25074373e70394f2f58cf4c966",
    "/workflow/materialdesignicons-webfont.015e757101df47a0.ttf": "68e9373c67d82383f7531802cf8372dd9b3a257a",
    "/workflow/materialdesignicons-webfont.43f2dfd1bb7240af.woff2": "c2dba790584e9469ad8d4c9775e087e22c7b69a0",
    "/workflow/materialdesignicons-webfont.52fd8e4e618a7784.woff": "57d0ba637c20e4d63b8c36f86cb4862b8b8adda9",
    "/workflow/polyfills.6dcaa1dbe1a617c3.js": "ca4888fcc7c87b827bda1aafdea034369c93900b",
    "/workflow/runtime.8ea173dce9c50bf9.js": "db9650843f519f97e1c4287b5a3452be39723dc2",
    "/workflow/styles.4bef44468fb9496d.css": "3da4c07f51cd89c60ee45d6c3d8521fde5e85fab"
  },
  "navigationUrls": [
    {
      "positive": true,
      "regex": "^\\/.*$"
    },
    {
      "positive": false,
      "regex": "^\\/(?:.+\\/)?[^/]*\\.[^/]*$"
    },
    {
      "positive": false,
      "regex": "^\\/(?:.+\\/)?[^/]*__[^/]*$"
    },
    {
      "positive": false,
      "regex": "^\\/(?:.+\\/)?[^/]*__[^/]*\\/.*$"
    }
  ],
  "navigationRequestStrategy": "performance"
}