<?xml version="1.0" encoding="UTF-8"?>
<rulesconfig version="4.2.4_6">
   <jardir>C:\Users\kriti_LMS</jardir>
   <jarname>output</jarname>
   <bundle_version>7</bundle_version>
   <serviceport>8080</serviceport>
   <nativeevaluator>false</nativeevaluator>
   <onload/>
   <connector assettype="Create" batch="false" classlocation="[PostgreSQL_DRIVER_LOCATION]"
              connname="TRUEBYL"
              conntype="DBLINK"
              dbtype="POSTGRESQL"
              desc=""
              driverclassname="org.postgresql.Driver"
              engine="dbconnectionpool"
              exposed="false"
              initialpoolsize="1"
              maxpoolsize="-1"
              name="partner_DB_Connector@dblink"
              public="false"
              responsetype="TEXT"
              url="[PostgreSQL_CONNECTION_STRING]"
              usemaxpoolsize="false"
              username="[partner_DB_USERNAME]"
              xadsclassname="org.postgresql.xa.PGXADataSource">
      <password algo="md5" password="partner_DB_PASSWORD" usepwdman="true"/>
   </connector>
   <connector assettype="Create" batch="false" childfirst="false"
              classloc="C:\Users\kriti_LMS/PAREExportBundles/AgreementRenewal/lib/truebyllibrary.jar"
              classname="com.filelogger.FileLogger"
              conntype="CLASS"
              desc=""
              exposed="false"
              itype="Singleton"
              name="Connector_Logger"
              public="false"
              responsetype="TEXT"
              username="">
      <password algo="md5" password="" usepwdman="true"/>
   </connector>
   <action assettype="Create" batch="false" classconnector="Connector_Logger"
           desc="Action writeLine2 of Class Connector_Logger"
           exposed="false"
           methodname="writeLine2"
           name="Connector_Logger.writeLine2"
           public="false"
           responsetype="TEXT"
           type="Custom">
      <param datatype="STRING" help="arg0"/>
      <param datatype="STRING" help="arg1"/>
      <param datatype="STRING" help="arg2"/>
   </action>
   <datasource assettype="Create" batch="false" connector="partner_DB_Connector@dblink"
               desc=""
               dstype="QueryString"
               exposed="false"
               expression="select&#xA;&#x9;ts.sitecode,&#xA;&#x9;replace(ts1.sitename,',',';') as sitename,&#xA;&#x9;replace(ts1.address,',',';') as siteAddress,&#xA;&#x9;replace(agreementname,',',';') as agreementname,&#xA;&#x9;agreementdate,&#xA;&#x9;ts.startdate,&#xA;&#x9;ts.enddate,&#xA;&#x9;cast(extract(epoch from (current_date-enddate))/ 86400 as BIGINT) as &#34;expiry_duration&#34;,&#xA;&#x9;replace(tl.landlordname,',',';') landlordname,&#xA;&#x9;coalesce(tl.contactno,'') as contactno,&#xA;&#x9;replace(coalesce(tl.address,''),',',';') as landlordAddress,&#xA;&#x9;coalesce(tl.email,'') as email&#xA;from&#xA;&#x9;tb_siteagreement ts,&#xA;&#x9;tb_sites ts1,&#xA;&#x9;tb_sitelandlord ts2,&#xA;&#x9;tb_landlord tl&#xA;where&#xA;&#x9;ts.status in (1,3)&#xA;&#x9;and ts.agreementtype = 1&#xA;&#x9;and ts.sitecode = ts1.sitecode&#xA;&#x9;and ts1.sitecode = ts2.sitecode&#xA;&#x9;and ts2.status = 1&#xA;&#x9;and ts2.landlordid = tl.landlordid&#xA;&#x9;and not exists (&#xA;&#x9;select&#xA;&#x9;&#x9;1&#xA;&#x9;from&#xA;&#x9;&#x9;tb_siteagreement ts3&#xA;&#x9;where&#xA;&#x9;&#x9;ts.sitecode = ts3.sitecode&#xA;&#x9;&#x9;and ts3.agreementtype = 1&#xA;&#x9;&#x9;and ts3.status = 1&#xA;&#x9;&#x9;and ts3.agreementid &lt;&gt; ts.agreementid&#xA;&#x9;&#x9;and ts3.enddate&gt;ts.enddate)"
               fetchsize="16"
               name="ds_remainingAgreementDays"
               public="false"
               responsetype="TEXT"
               volatile="true"/>
   <field assettype="Create" batch="false" datasource="ds_remainingAgreementDays"
          datatype="STRING"
          desc=""
          element="sitecode"
          exposed="false"
          fieldtype="DATASRC"
          name="ds_remainingAgreementDays.sitecode"
          public="false"
          responsetype="TEXT"
          threadlocal="true"/>
   <field assettype="Create" batch="false" datasource="ds_remainingAgreementDays"
          datatype="STRING"
          desc=""
          element="sitename"
          exposed="false"
          fieldtype="DATASRC"
          name="ds_remainingAgreementDays.sitename"
          public="false"
          responsetype="TEXT"
          threadlocal="true"/>
   <field assettype="Create" batch="false" datasource="ds_remainingAgreementDays"
          datatype="STRING"
          desc=""
          element="address"
          exposed="false"
          fieldtype="DATASRC"
          name="ds_remainingAgreementDays.address"
          public="false"
          responsetype="TEXT"
          threadlocal="true"/>
   <field assettype="Create" batch="false" datasource="ds_remainingAgreementDays"
          datatype="STRING"
          desc=""
          element="agreementname"
          exposed="false"
          fieldtype="DATASRC"
          name="ds_remainingAgreementDays.agreementname"
          public="false"
          responsetype="TEXT"
          threadlocal="true"/>
   <field assettype="Create" batch="false" datasource="ds_remainingAgreementDays"
          datatype="DATETIME"
          desc=""
          element="agreementdate"
          exposed="false"
          fieldtype="DATASRC"
          name="ds_remainingAgreementDays.agreementdate"
          public="false"
          responsetype="TEXT"
          threadlocal="true"/>
   <field assettype="Create" batch="false" datasource="ds_remainingAgreementDays"
          datatype="DATETIME"
          desc=""
          element="startdate"
          exposed="false"
          fieldtype="DATASRC"
          name="ds_remainingAgreementDays.startdate"
          public="false"
          responsetype="TEXT"
          threadlocal="true"/>
   <field assettype="Create" batch="false" datasource="ds_remainingAgreementDays"
          datatype="DATETIME"
          desc=""
          element="enddate"
          exposed="false"
          fieldtype="DATASRC"
          name="ds_remainingAgreementDays.enddate"
          public="false"
          responsetype="TEXT"
          threadlocal="true"/>
   <field assettype="Create" batch="false" datasource="ds_remainingAgreementDays"
          datatype="STRING"
          desc=""
          element="landlordname"
          exposed="false"
          fieldtype="DATASRC"
          name="ds_remainingAgreementDays.landlordname"
          public="false"
          responsetype="TEXT"
          threadlocal="true"/>
   <field assettype="Create" batch="false" datasource="ds_remainingAgreementDays"
          datatype="STRING"
          desc=""
          element="contactno"
          exposed="false"
          fieldtype="DATASRC"
          name="ds_remainingAgreementDays.contactno"
          public="false"
          responsetype="TEXT"
          threadlocal="true"/>
   <field assettype="Create" batch="false" datasource="ds_remainingAgreementDays"
          datatype="STRING"
          desc=""
          element="email"
          exposed="false"
          fieldtype="DATASRC"
          name="ds_remainingAgreementDays.email"
          public="false"
          responsetype="TEXT"
          threadlocal="true"/>
   <connector assettype="Create" batch="false" childfirst="false"
              classloc="C:\Users\kriti_LMS/PAREExportBundles/AgreementRenewal/lib/FileLogger.jar"
              classname="filelogger.FileLogger"
              conntype="CLASS"
              desc=""
              exposed="false"
              itype="Singleton"
              name="connector_FileLogger"
              public="false"
              responsetype="TEXT"
              username="">
      <password algo="md5" password="" usepwdman="true"/>
   </connector>
   <field assettype="Create" batch="false" datatype="LONG" desc="" encrypted="false"
          exposed="false"
          fieldtype="USER"
          name="RentRemainingDays"
          public="false"
          responsetype="TEXT"
          threadlocal="true"
          valuestr="0"/>
   <field assettype="Create" batch="false" datasource="ds_remainingAgreementDays"
          datatype="LONG"
          desc=""
          element="expiry_duration"
          exposed="false"
          fieldtype="DATASRC"
          name="ds_remainingAgreementDays.expiry_duration"
          public="false"
          responsetype="TEXT"
          threadlocal="true"/>
   <action assettype="Create" batch="false" desc="Sets value of field RentRemainingDays"
           exposed="false"
           field="RentRemainingDays"
           methodname="runCmd"
           name="RentRemainingDays ="
           public="false"
           responsetype="TEXT"
           type="Setter">
      <param datatype="LONG" help="Value of the field RentRemainingDays"/>
   </action>
   <action assettype="Create" batch="false" classconnector="connector_FileLogger"
           desc="Action writeline of Class connector_FileLogger"
           exposed="false"
           methodname="writeline"
           name="connector_FileLogger.writeline"
           public="false"
           responsetype="TEXT"
           type="Custom">
      <param datatype="STRING" help="arg0"/>
   </action>
   <action assettype="Create" batch="false" datasource="ds_remainingAgreementDays"
           desc="This action releases thread specific cursors or resultsets. This is safe to use in a multi threaded processing scenario as the impact is limited to calling thread."
           exposed="false"
           methodname="runCmd"
           name="ds_remainingAgreementDays.Refresh"
           public="false"
           responsetype="TEXT"
           type="RefreshDS"/>
   <datasource assettype="Create" basedatasource="ds_remainingAgreementDays" batch="false"
               condexp="[ds_remainingAgreementDays.expiry_duration] &gt; 0"
               desc=""
               dstype="Filtered"
               exposed="false"
               name="filter_expiredAgreements"
               public="false"
               responsetype="TEXT"
               useexp="true"
               volatile="true">
      <reference name="ds_remainingAgreementDays.expiry_duration"/>
   </datasource>
   <action assettype="Create" batch="false" datasource="filter_expiredAgreements"
           desc="This action releases thread specific cursors or resultsets. This is safe to use in a multi threaded processing scenario as the impact is limited to calling thread."
           exposed="false"
           methodname="runCmd"
           name="filter_expiredAgreements.Refresh"
           public="false"
           responsetype="TEXT"
           type="RefreshDS"/>
   <connector assettype="Create" batch="false" childfirst="false"
              classloc="C:\Users\kriti_LMS/PAREExportBundles/AgreementRenewal/lib/PareConnectors.jar"
              classname="usha.pare.connectors.JExcelWriter"
              conntype="CLASS"
              desc=""
              exposed="false"
              itype="Singleton"
              name="ExcelWriter"
              public="false"
              responsetype="TEXT"
              username="">
      <password algo="md5" password="" usepwdman="true"/>
   </connector>
   <action assettype="Create" batch="false" classconnector="ExcelWriter"
           desc="Action addRow of Class ExcelWriter"
           exposed="false"
           methodname="addRow"
           name="ExcelWriter.addRow"
           public="false"
           responsetype="TEXT"
           type="Custom">
      <param datatype="STRING" help="arg0"/>
   </action>
   <field assettype="Create" batch="false" datasource="filter_expiredAgreements"
          datatype="STRING"
          desc=""
          element="sitecode"
          exposed="false"
          fieldtype="DATASRC"
          name="filter_expiredAgreements.sitecode"
          public="false"
          responsetype="TEXT"
          threadlocal="true"/>
   <action assettype="Create" batch="false" classconnector="ExcelWriter"
           desc="Action addHeader of Class ExcelWriter"
           exposed="false"
           methodname="addHeader"
           name="ExcelWriter.addHeader"
           public="false"
           responsetype="TEXT"
           type="Custom">
      <param datatype="STRING" help="arg0"/>
   </action>
   <action assettype="Create" batch="false" classconnector="ExcelWriter"
           desc="Action createSheet of Class ExcelWriter"
           exposed="false"
           methodname="createSheet"
           name="ExcelWriter.createSheet"
           public="false"
           responsetype="TEXT"
           type="Custom">
      <param datatype="STRING" help="arg0"/>
   </action>
   <action assettype="Create" batch="false" classconnector="ExcelWriter"
           desc="Action createBook of Class ExcelWriter"
           exposed="false"
           methodname="createBook"
           name="ExcelWriter.createBook"
           public="false"
           responsetype="TEXT"
           type="Custom">
      <param datatype="STRING" help="arg0"/>
   </action>
   <action assettype="Create" batch="false" classconnector="ExcelWriter"
           desc="Action closeBook of Class ExcelWriter"
           exposed="false"
           methodname="closeBook"
           name="ExcelWriter.closeBook"
           public="false"
           responsetype="TEXT"
           type="Custom"/>
   <field assettype="Create" batch="false" datasource="filter_expiredAgreements"
          datatype="STRING"
          desc=""
          element="sitename"
          exposed="false"
          fieldtype="DATASRC"
          name="filter_expiredAgreements.sitename"
          public="false"
          responsetype="TEXT"
          threadlocal="true"/>
   <field assettype="Create" batch="false" datasource="filter_expiredAgreements"
          datatype="STRING"
          desc=""
          element="address"
          exposed="false"
          fieldtype="DATASRC"
          name="filter_expiredAgreements.address"
          public="false"
          responsetype="TEXT"
          threadlocal="true"/>
   <field assettype="Create" batch="false" datasource="filter_expiredAgreements"
          datatype="STRING"
          desc=""
          element="agreementname"
          exposed="false"
          fieldtype="DATASRC"
          name="filter_expiredAgreements.agreementname"
          public="false"
          responsetype="TEXT"
          threadlocal="true"/>
   <field assettype="Create" batch="false" datasource="filter_expiredAgreements"
          datatype="DATETIME"
          desc=""
          element="agreementdate"
          exposed="false"
          fieldtype="DATASRC"
          name="filter_expiredAgreements.agreementdate"
          public="false"
          responsetype="TEXT"
          threadlocal="true"/>
   <field assettype="Create" batch="false" datasource="filter_expiredAgreements"
          datatype="DATETIME"
          desc=""
          element="startdate"
          exposed="false"
          fieldtype="DATASRC"
          name="filter_expiredAgreements.startdate"
          public="false"
          responsetype="TEXT"
          threadlocal="true"/>
   <field assettype="Create" batch="false" datasource="filter_expiredAgreements"
          datatype="DATETIME"
          desc=""
          element="enddate"
          exposed="false"
          fieldtype="DATASRC"
          name="filter_expiredAgreements.enddate"
          public="false"
          responsetype="TEXT"
          threadlocal="true"/>
   <field assettype="Create" batch="false" datasource="filter_expiredAgreements"
          datatype="STRING"
          desc=""
          element="landlordname"
          exposed="false"
          fieldtype="DATASRC"
          name="filter_expiredAgreements.landlordname"
          public="false"
          responsetype="TEXT"
          threadlocal="true"/>
   <field assettype="Create" batch="false" datasource="filter_expiredAgreements"
          datatype="STRING"
          desc=""
          element="contactno"
          exposed="false"
          fieldtype="DATASRC"
          name="filter_expiredAgreements.contactno"
          public="false"
          responsetype="TEXT"
          threadlocal="true"/>
   <field assettype="Create" batch="false" datasource="filter_expiredAgreements"
          datatype="LONG"
          desc=""
          element="expiry_duration"
          exposed="false"
          fieldtype="DATASRC"
          name="filter_expiredAgreements.expiry_duration"
          public="false"
          responsetype="TEXT"
          threadlocal="true"/>
   <field assettype="Create" batch="false" datasource="filter_expiredAgreements"
          datatype="STRING"
          desc=""
          element="email"
          exposed="false"
          fieldtype="DATASRC"
          name="filter_expiredAgreements.email"
          public="false"
          responsetype="TEXT"
          threadlocal="true"/>
   <field assettype="Create" batch="false" datasource="filter_expiredAgreements"
          datatype="STRING"
          desc=""
          element="siteaddress"
          exposed="false"
          fieldtype="DATASRC"
          name="filter_expiredAgreements.siteaddress"
          public="false"
          responsetype="TEXT"
          threadlocal="true"/>
   <field assettype="Create" batch="false" datasource="filter_expiredAgreements"
          datatype="STRING"
          desc=""
          element="landlordaddress"
          exposed="false"
          fieldtype="DATASRC"
          name="filter_expiredAgreements.landlordaddress"
          public="false"
          responsetype="TEXT"
          threadlocal="true"/>
   <datasource assettype="Create" basedatasource="ds_remainingAgreementDays" batch="false"
               condexp="[ds_remainingAgreementDays.expiry_duration] &gt; -365 &amp;&amp; [ds_remainingAgreementDays.expiry_duration] &lt; -180"
               desc=""
               dstype="Filtered"
               exposed="false"
               name="filter_agreementExpiresWithinAYear"
               public="false"
               responsetype="TEXT"
               useexp="true"
               volatile="true">
      <reference name="ds_remainingAgreementDays.expiry_duration"/>
   </datasource>
   <datasource assettype="Create" basedatasource="ds_remainingAgreementDays" batch="false"
               condexp="[ds_remainingAgreementDays.expiry_duration] &gt; -181 &amp;&amp; [ds_remainingAgreementDays.expiry_duration] &lt; -90"
               desc=""
               dstype="Filtered"
               exposed="false"
               name="ds_agreementExpiresWithinSixMonths"
               public="false"
               responsetype="TEXT"
               useexp="true"
               volatile="true">
      <reference name="ds_remainingAgreementDays.expiry_duration"/>
   </datasource>
   <datasource assettype="Create" basedatasource="ds_remainingAgreementDays" batch="false"
               condexp="[ds_remainingAgreementDays.expiry_duration] &gt; -91 &amp;&amp; [ds_remainingAgreementDays.expiry_duration] &lt; -30"
               desc=""
               dstype="Filtered"
               exposed="false"
               name="ds_agreementExpiresWithinThreeMonths"
               public="false"
               responsetype="TEXT"
               useexp="true"
               volatile="true">
      <reference name="ds_remainingAgreementDays.expiry_duration"/>
   </datasource>
   <datasource assettype="Create" basedatasource="ds_remainingAgreementDays" batch="false"
               condexp="[ds_remainingAgreementDays.expiry_duration] &gt; -31 &amp;&amp; [ds_remainingAgreementDays.expiry_duration] &lt; 0"
               desc=""
               dstype="Filtered"
               exposed="false"
               name="ds_agreementExpiresWithinOneMonth"
               public="false"
               responsetype="TEXT"
               useexp="true"
               volatile="true">
      <reference name="ds_remainingAgreementDays.expiry_duration"/>
   </datasource>
   <action assettype="Create" batch="false" datasource="ds_agreementExpiresWithinOneMonth"
           desc="This action releases thread specific cursors or resultsets. This is safe to use in a multi threaded processing scenario as the impact is limited to calling thread."
           exposed="false"
           methodname="runCmd"
           name="ds_agreementExpiresWithinOneMonth.Refresh"
           public="false"
           responsetype="TEXT"
           type="RefreshDS"/>
   <field assettype="Create" batch="false" datasource="ds_agreementExpiresWithinOneMonth"
          datatype="STRING"
          desc=""
          element="sitecode"
          exposed="false"
          fieldtype="DATASRC"
          name="ds_agreementExpiresWithinOneMonth.sitecode"
          public="false"
          responsetype="TEXT"
          threadlocal="true"/>
   <field assettype="Create" batch="false" datasource="ds_agreementExpiresWithinOneMonth"
          datatype="STRING"
          desc=""
          element="sitename"
          exposed="false"
          fieldtype="DATASRC"
          name="ds_agreementExpiresWithinOneMonth.sitename"
          public="false"
          responsetype="TEXT"
          threadlocal="true"/>
   <field assettype="Create" batch="false" datasource="ds_agreementExpiresWithinOneMonth"
          datatype="STRING"
          desc=""
          element="address"
          exposed="false"
          fieldtype="DATASRC"
          name="ds_agreementExpiresWithinOneMonth.address"
          public="false"
          responsetype="TEXT"
          threadlocal="true"/>
   <field assettype="Create" batch="false" datasource="ds_agreementExpiresWithinOneMonth"
          datatype="STRING"
          desc=""
          element="agreementname"
          exposed="false"
          fieldtype="DATASRC"
          name="ds_agreementExpiresWithinOneMonth.agreementname"
          public="false"
          responsetype="TEXT"
          threadlocal="true"/>
   <field assettype="Create" batch="false" datasource="ds_agreementExpiresWithinOneMonth"
          datatype="DATETIME"
          desc=""
          element="agreementdate"
          exposed="false"
          fieldtype="DATASRC"
          name="ds_agreementExpiresWithinOneMonth.agreementdate"
          public="false"
          responsetype="TEXT"
          threadlocal="true"/>
   <field assettype="Create" batch="false" datasource="ds_agreementExpiresWithinOneMonth"
          datatype="DATETIME"
          desc=""
          element="startdate"
          exposed="false"
          fieldtype="DATASRC"
          name="ds_agreementExpiresWithinOneMonth.startdate"
          public="false"
          responsetype="TEXT"
          threadlocal="true"/>
   <field assettype="Create" batch="false" datasource="ds_agreementExpiresWithinOneMonth"
          datatype="DATETIME"
          desc=""
          element="enddate"
          exposed="false"
          fieldtype="DATASRC"
          name="ds_agreementExpiresWithinOneMonth.enddate"
          public="false"
          responsetype="TEXT"
          threadlocal="true"/>
   <field assettype="Create" batch="false" datasource="ds_agreementExpiresWithinOneMonth"
          datatype="LONG"
          desc=""
          element="expiry_duration"
          exposed="false"
          fieldtype="DATASRC"
          name="ds_agreementExpiresWithinOneMonth.expiry_duration"
          public="false"
          responsetype="TEXT"
          threadlocal="true"/>
   <field assettype="Create" batch="false" datasource="ds_agreementExpiresWithinOneMonth"
          datatype="STRING"
          desc=""
          element="landlordname"
          exposed="false"
          fieldtype="DATASRC"
          name="ds_agreementExpiresWithinOneMonth.landlordname"
          public="false"
          responsetype="TEXT"
          threadlocal="true"/>
   <field assettype="Create" batch="false" datasource="ds_agreementExpiresWithinOneMonth"
          datatype="STRING"
          desc=""
          element="contactno"
          exposed="false"
          fieldtype="DATASRC"
          name="ds_agreementExpiresWithinOneMonth.contactno"
          public="false"
          responsetype="TEXT"
          threadlocal="true"/>
   <field assettype="Create" batch="false" datasource="ds_agreementExpiresWithinOneMonth"
          datatype="STRING"
          desc=""
          element="email"
          exposed="false"
          fieldtype="DATASRC"
          name="ds_agreementExpiresWithinOneMonth.email"
          public="false"
          responsetype="TEXT"
          threadlocal="true"/>
   <action assettype="Create" batch="false"
           datasource="ds_agreementExpiresWithinThreeMonths"
           desc="This action releases thread specific cursors or resultsets. This is safe to use in a multi threaded processing scenario as the impact is limited to calling thread."
           exposed="false"
           methodname="runCmd"
           name="ds_agreementExpiresWithinThreeMonths.Refresh"
           public="false"
           responsetype="TEXT"
           type="RefreshDS"/>
   <field assettype="Create" batch="false"
          datasource="ds_agreementExpiresWithinThreeMonths"
          datatype="STRING"
          desc=""
          element="sitecode"
          exposed="false"
          fieldtype="DATASRC"
          name="ds_agreementExpiresWithinThreeMonths.sitecode"
          public="false"
          responsetype="TEXT"
          threadlocal="true"/>
   <field assettype="Create" batch="false"
          datasource="ds_agreementExpiresWithinThreeMonths"
          datatype="STRING"
          desc=""
          element="sitename"
          exposed="false"
          fieldtype="DATASRC"
          name="ds_agreementExpiresWithinThreeMonths.sitename"
          public="false"
          responsetype="TEXT"
          threadlocal="true"/>
   <field assettype="Create" batch="false"
          datasource="ds_agreementExpiresWithinThreeMonths"
          datatype="STRING"
          desc=""
          element="address"
          exposed="false"
          fieldtype="DATASRC"
          name="ds_agreementExpiresWithinThreeMonths.address"
          public="false"
          responsetype="TEXT"
          threadlocal="true"/>
   <field assettype="Create" batch="false"
          datasource="ds_agreementExpiresWithinThreeMonths"
          datatype="STRING"
          desc=""
          element="agreementname"
          exposed="false"
          fieldtype="DATASRC"
          name="ds_agreementExpiresWithinThreeMonths.agreementname"
          public="false"
          responsetype="TEXT"
          threadlocal="true"/>
   <field assettype="Create" batch="false"
          datasource="ds_agreementExpiresWithinThreeMonths"
          datatype="DATETIME"
          desc=""
          element="agreementdate"
          exposed="false"
          fieldtype="DATASRC"
          name="ds_agreementExpiresWithinThreeMonths.agreementdate"
          public="false"
          responsetype="TEXT"
          threadlocal="true"/>
   <field assettype="Create" batch="false"
          datasource="ds_agreementExpiresWithinThreeMonths"
          datatype="DATETIME"
          desc=""
          element="startdate"
          exposed="false"
          fieldtype="DATASRC"
          name="ds_agreementExpiresWithinThreeMonths.startdate"
          public="false"
          responsetype="TEXT"
          threadlocal="true"/>
   <field assettype="Create" batch="false"
          datasource="ds_agreementExpiresWithinThreeMonths"
          datatype="DATETIME"
          desc=""
          element="enddate"
          exposed="false"
          fieldtype="DATASRC"
          name="ds_agreementExpiresWithinThreeMonths.enddate"
          public="false"
          responsetype="TEXT"
          threadlocal="true"/>
   <field assettype="Create" batch="false"
          datasource="ds_agreementExpiresWithinThreeMonths"
          datatype="LONG"
          desc=""
          element="expiry_duration"
          exposed="false"
          fieldtype="DATASRC"
          name="ds_agreementExpiresWithinThreeMonths.expiry_duration"
          public="false"
          responsetype="TEXT"
          threadlocal="true"/>
   <field assettype="Create" batch="false"
          datasource="ds_agreementExpiresWithinThreeMonths"
          datatype="STRING"
          desc=""
          element="landlordname"
          exposed="false"
          fieldtype="DATASRC"
          name="ds_agreementExpiresWithinThreeMonths.landlordname"
          public="false"
          responsetype="TEXT"
          threadlocal="true"/>
   <field assettype="Create" batch="false"
          datasource="ds_agreementExpiresWithinThreeMonths"
          datatype="STRING"
          desc=""
          element="contactno"
          exposed="false"
          fieldtype="DATASRC"
          name="ds_agreementExpiresWithinThreeMonths.contactno"
          public="false"
          responsetype="TEXT"
          threadlocal="true"/>
   <field assettype="Create" batch="false"
          datasource="ds_agreementExpiresWithinThreeMonths"
          datatype="STRING"
          desc=""
          element="email"
          exposed="false"
          fieldtype="DATASRC"
          name="ds_agreementExpiresWithinThreeMonths.email"
          public="false"
          responsetype="TEXT"
          threadlocal="true"/>
   <action assettype="Create" batch="false"
           datasource="ds_agreementExpiresWithinSixMonths"
           desc="This action releases thread specific cursors or resultsets. This is safe to use in a multi threaded processing scenario as the impact is limited to calling thread."
           exposed="false"
           methodname="runCmd"
           name="ds_agreementExpiresWithinSixMonths.Refresh"
           public="false"
           responsetype="TEXT"
           type="RefreshDS"/>
   <field assettype="Create" batch="false"
          datasource="ds_agreementExpiresWithinSixMonths"
          datatype="STRING"
          desc=""
          element="sitecode"
          exposed="false"
          fieldtype="DATASRC"
          name="ds_agreementExpiresWithinSixMonths.sitecode"
          public="false"
          responsetype="TEXT"
          threadlocal="true"/>
   <field assettype="Create" batch="false"
          datasource="ds_agreementExpiresWithinSixMonths"
          datatype="STRING"
          desc=""
          element="sitename"
          exposed="false"
          fieldtype="DATASRC"
          name="ds_agreementExpiresWithinSixMonths.sitename"
          public="false"
          responsetype="TEXT"
          threadlocal="true"/>
   <field assettype="Create" batch="false"
          datasource="ds_agreementExpiresWithinSixMonths"
          datatype="STRING"
          desc=""
          element="address"
          exposed="false"
          fieldtype="DATASRC"
          name="ds_agreementExpiresWithinSixMonths.address"
          public="false"
          responsetype="TEXT"
          threadlocal="true"/>
   <field assettype="Create" batch="false"
          datasource="ds_agreementExpiresWithinSixMonths"
          datatype="STRING"
          desc=""
          element="agreementname"
          exposed="false"
          fieldtype="DATASRC"
          name="ds_agreementExpiresWithinSixMonths.agreementname"
          public="false"
          responsetype="TEXT"
          threadlocal="true"/>
   <field assettype="Create" batch="false"
          datasource="ds_agreementExpiresWithinSixMonths"
          datatype="DATETIME"
          desc=""
          element="agreementdate"
          exposed="false"
          fieldtype="DATASRC"
          name="ds_agreementExpiresWithinSixMonths.agreementdate"
          public="false"
          responsetype="TEXT"
          threadlocal="true"/>
   <field assettype="Create" batch="false"
          datasource="ds_agreementExpiresWithinSixMonths"
          datatype="DATETIME"
          desc=""
          element="startdate"
          exposed="false"
          fieldtype="DATASRC"
          name="ds_agreementExpiresWithinSixMonths.startdate"
          public="false"
          responsetype="TEXT"
          threadlocal="true"/>
   <field assettype="Create" batch="false"
          datasource="ds_agreementExpiresWithinSixMonths"
          datatype="DATETIME"
          desc=""
          element="enddate"
          exposed="false"
          fieldtype="DATASRC"
          name="ds_agreementExpiresWithinSixMonths.enddate"
          public="false"
          responsetype="TEXT"
          threadlocal="true"/>
   <field assettype="Create" batch="false"
          datasource="ds_agreementExpiresWithinSixMonths"
          datatype="LONG"
          desc=""
          element="expiry_duration"
          exposed="false"
          fieldtype="DATASRC"
          name="ds_agreementExpiresWithinSixMonths.expiry_duration"
          public="false"
          responsetype="TEXT"
          threadlocal="true"/>
   <field assettype="Create" batch="false"
          datasource="ds_agreementExpiresWithinSixMonths"
          datatype="STRING"
          desc=""
          element="landlordname"
          exposed="false"
          fieldtype="DATASRC"
          name="ds_agreementExpiresWithinSixMonths.landlordname"
          public="false"
          responsetype="TEXT"
          threadlocal="true"/>
   <field assettype="Create" batch="false"
          datasource="ds_agreementExpiresWithinSixMonths"
          datatype="STRING"
          desc=""
          element="contactno"
          exposed="false"
          fieldtype="DATASRC"
          name="ds_agreementExpiresWithinSixMonths.contactno"
          public="false"
          responsetype="TEXT"
          threadlocal="true"/>
   <field assettype="Create" batch="false"
          datasource="ds_agreementExpiresWithinSixMonths"
          datatype="STRING"
          desc=""
          element="email"
          exposed="false"
          fieldtype="DATASRC"
          name="ds_agreementExpiresWithinSixMonths.email"
          public="false"
          responsetype="TEXT"
          threadlocal="true"/>
   <action assettype="Create" batch="false"
           datasource="filter_agreementExpiresWithinAYear"
           desc="This action releases thread specific cursors or resultsets. This is safe to use in a multi threaded processing scenario as the impact is limited to calling thread."
           exposed="false"
           methodname="runCmd"
           name="filter_agreementExpiresWithinAYear.Refresh"
           public="false"
           responsetype="TEXT"
           type="RefreshDS"/>
   <field assettype="Create" batch="false"
          datasource="filter_agreementExpiresWithinAYear"
          datatype="STRING"
          desc=""
          element="sitecode"
          exposed="false"
          fieldtype="DATASRC"
          name="filter_agreementExpiresWithinAYear.sitecode"
          public="false"
          responsetype="TEXT"
          threadlocal="true"/>
   <field assettype="Create" batch="false"
          datasource="filter_agreementExpiresWithinAYear"
          datatype="STRING"
          desc=""
          element="sitename"
          exposed="false"
          fieldtype="DATASRC"
          name="filter_agreementExpiresWithinAYear.sitename"
          public="false"
          responsetype="TEXT"
          threadlocal="true"/>
   <field assettype="Create" batch="false"
          datasource="filter_agreementExpiresWithinAYear"
          datatype="STRING"
          desc=""
          element="address"
          exposed="false"
          fieldtype="DATASRC"
          name="filter_agreementExpiresWithinAYear.address"
          public="false"
          responsetype="TEXT"
          threadlocal="true"/>
   <field assettype="Create" batch="false"
          datasource="filter_agreementExpiresWithinAYear"
          datatype="STRING"
          desc=""
          element="agreementname"
          exposed="false"
          fieldtype="DATASRC"
          name="filter_agreementExpiresWithinAYear.agreementname"
          public="false"
          responsetype="TEXT"
          threadlocal="true"/>
   <field assettype="Create" batch="false"
          datasource="filter_agreementExpiresWithinAYear"
          datatype="DATETIME"
          desc=""
          element="agreementdate"
          exposed="false"
          fieldtype="DATASRC"
          name="filter_agreementExpiresWithinAYear.agreementdate"
          public="false"
          responsetype="TEXT"
          threadlocal="true"/>
   <field assettype="Create" batch="false"
          datasource="filter_agreementExpiresWithinAYear"
          datatype="DATETIME"
          desc=""
          element="startdate"
          exposed="false"
          fieldtype="DATASRC"
          name="filter_agreementExpiresWithinAYear.startdate"
          public="false"
          responsetype="TEXT"
          threadlocal="true"/>
   <field assettype="Create" batch="false"
          datasource="filter_agreementExpiresWithinAYear"
          datatype="DATETIME"
          desc=""
          element="enddate"
          exposed="false"
          fieldtype="DATASRC"
          name="filter_agreementExpiresWithinAYear.enddate"
          public="false"
          responsetype="TEXT"
          threadlocal="true"/>
   <field assettype="Create" batch="false"
          datasource="filter_agreementExpiresWithinAYear"
          datatype="LONG"
          desc=""
          element="expiry_duration"
          exposed="false"
          fieldtype="DATASRC"
          name="filter_agreementExpiresWithinAYear.expiry_duration"
          public="false"
          responsetype="TEXT"
          threadlocal="true"/>
   <field assettype="Create" batch="false"
          datasource="filter_agreementExpiresWithinAYear"
          datatype="STRING"
          desc=""
          element="landlordname"
          exposed="false"
          fieldtype="DATASRC"
          name="filter_agreementExpiresWithinAYear.landlordname"
          public="false"
          responsetype="TEXT"
          threadlocal="true"/>
   <field assettype="Create" batch="false"
          datasource="filter_agreementExpiresWithinAYear"
          datatype="STRING"
          desc=""
          element="contactno"
          exposed="false"
          fieldtype="DATASRC"
          name="filter_agreementExpiresWithinAYear.contactno"
          public="false"
          responsetype="TEXT"
          threadlocal="true"/>
   <field assettype="Create" batch="false"
          datasource="filter_agreementExpiresWithinAYear"
          datatype="STRING"
          desc=""
          element="email"
          exposed="false"
          fieldtype="DATASRC"
          name="filter_agreementExpiresWithinAYear.email"
          public="false"
          responsetype="TEXT"
          threadlocal="true"/>
   <action assettype="Create" batch="false" breakonerror="false"
           datasource="filter_expiredAgreements"
           desc=""
           exposed="false"
           methodname="runCmd"
           name="job_expiredAgreements"
           numrows=""
           numthreads="1"
           public="false"
           responsetype="TEXT"
           type="Job">
      <member name="ExcelWriter.addRow"
              params="[filter_expiredAgreements.sitecode]\,[filter_expiredAgreements.sitename]\,[filter_expiredAgreements.siteaddress]\,[filter_expiredAgreements.agreementname]\,[filter_expiredAgreements.agreementdate]\,[filter_expiredAgreements.startdate]\,[filter_expiredAgreements.enddate]\,[filter_expiredAgreements.landlordname]\,[filter_expiredAgreements.contactno]\,[filter_expiredAgreements.landlordaddress]\,[filter_expiredAgreements.email]&#xA;"/>
      <reference name="filter_expiredAgreements.sitecode"/>
      <reference name="filter_expiredAgreements.sitename"/>
      <reference name="filter_expiredAgreements.siteaddress"/>
      <reference name="filter_expiredAgreements.agreementname"/>
      <reference name="filter_expiredAgreements.agreementdate"/>
      <reference name="filter_expiredAgreements.startdate"/>
      <reference name="filter_expiredAgreements.enddate"/>
      <reference name="filter_expiredAgreements.landlordname"/>
      <reference name="filter_expiredAgreements.contactno"/>
      <reference name="filter_expiredAgreements.landlordaddress"/>
      <reference name="filter_expiredAgreements.email"/>
   </action>
   <action assettype="Create" batch="false" breakonsuccess="false" desc="" exposed="false"
           methodname="runCmd"
           name="seq_expiredAgreements"
           public="false"
           responsetype="TEXT"
           serialized="false"
           threadmode="false"
           type="Sequence">
      <subscriber action="ExcelWriter.createSheet" params="ExpiredAgreements"/>
      <subscriber action="ExcelWriter.addHeader"
                  params="Site Id\,Site Name\,Address\,Agreement Name\,Agreement Date\,Start Date\,End Date\,Landlord Name\,Contact No\,Address\,Email"/>
      <subscriber action="filter_expiredAgreements.Refresh" params=""/>
      <subscriber action="job_expiredAgreements" params=""/>
   </action>
   <field assettype="Create" batch="false" datasource="ds_remainingAgreementDays"
          datatype="STRING"
          desc=""
          element="siteaddress"
          exposed="false"
          fieldtype="DATASRC"
          name="ds_remainingAgreementDays.siteaddress"
          public="false"
          responsetype="TEXT"
          threadlocal="true"/>
   <field assettype="Create" batch="false" datasource="ds_remainingAgreementDays"
          datatype="STRING"
          desc=""
          element="landlordaddress"
          exposed="false"
          fieldtype="DATASRC"
          name="ds_remainingAgreementDays.landlordaddress"
          public="false"
          responsetype="TEXT"
          threadlocal="true"/>
   <field assettype="Create" batch="false" datasource="ds_agreementExpiresWithinOneMonth"
          datatype="STRING"
          desc=""
          element="siteaddress"
          exposed="false"
          fieldtype="DATASRC"
          name="ds_agreementExpiresWithinOneMonth.siteaddress"
          public="false"
          responsetype="TEXT"
          threadlocal="true"/>
   <field assettype="Create" batch="false" datasource="ds_agreementExpiresWithinOneMonth"
          datatype="STRING"
          desc=""
          element="landlordaddress"
          exposed="false"
          fieldtype="DATASRC"
          name="ds_agreementExpiresWithinOneMonth.landlordaddress"
          public="false"
          responsetype="TEXT"
          threadlocal="true"/>
   <field assettype="Create" batch="false"
          datasource="ds_agreementExpiresWithinThreeMonths"
          datatype="STRING"
          desc=""
          element="siteaddress"
          exposed="false"
          fieldtype="DATASRC"
          name="ds_agreementExpiresWithinThreeMonths.siteaddress"
          public="false"
          responsetype="TEXT"
          threadlocal="true"/>
   <field assettype="Create" batch="false"
          datasource="ds_agreementExpiresWithinThreeMonths"
          datatype="STRING"
          desc=""
          element="landlordaddress"
          exposed="false"
          fieldtype="DATASRC"
          name="ds_agreementExpiresWithinThreeMonths.landlordaddress"
          public="false"
          responsetype="TEXT"
          threadlocal="true"/>
   <field assettype="Create" batch="false"
          datasource="ds_agreementExpiresWithinSixMonths"
          datatype="STRING"
          desc=""
          element="siteaddress"
          exposed="false"
          fieldtype="DATASRC"
          name="ds_agreementExpiresWithinSixMonths.siteaddress"
          public="false"
          responsetype="TEXT"
          threadlocal="true"/>
   <field assettype="Create" batch="false"
          datasource="ds_agreementExpiresWithinSixMonths"
          datatype="STRING"
          desc=""
          element="landlordaddress"
          exposed="false"
          fieldtype="DATASRC"
          name="ds_agreementExpiresWithinSixMonths.landlordaddress"
          public="false"
          responsetype="TEXT"
          threadlocal="true"/>
   <field assettype="Create" batch="false"
          datasource="filter_agreementExpiresWithinAYear"
          datatype="STRING"
          desc=""
          element="siteaddress"
          exposed="false"
          fieldtype="DATASRC"
          name="filter_agreementExpiresWithinAYear.siteaddress"
          public="false"
          responsetype="TEXT"
          threadlocal="true"/>
   <field assettype="Create" batch="false"
          datasource="filter_agreementExpiresWithinAYear"
          datatype="STRING"
          desc=""
          element="landlordaddress"
          exposed="false"
          fieldtype="DATASRC"
          name="filter_agreementExpiresWithinAYear.landlordaddress"
          public="false"
          responsetype="TEXT"
          threadlocal="true"/>
   <field assettype="Create" batch="false" datatype="STRING" desc="" encrypted="false"
          exposed="false"
          fieldtype="USER"
          name="PartnerToken"
          public="false"
          responsetype="TEXT"
          threadlocal="true"
          valuestr=""/>
   <field assettype="Create" batch="false" datatype="STRING" desc="" encrypted="false"
          exposed="false"
          fieldtype="USER"
          name="Subject"
          public="false"
          responsetype="TEXT"
          threadlocal="true"
          valuestr=""/>
   <function asset="email_act_sendEmail" assettype="Create" batch="false" callmethod="POST"
             desc=""
             engine="CentralEmailConnector"
             exposed="false"
             host="[SERVER_IP]"
             methodname="runCmd"
             name="CentralEmailConnector.email_act_sendEmail"
             port="[SERVER_PORT]"
             protocol="[SERVER_PROTOCOL]"
             public="false"
             publicapi="false"
             responsetype="TEXT"
             returntype="STRING"
             safctxobjname=""
             safctxobjvalue=""
             token=""
             type="ServerAsset">
      <param datatype="STRING" help="Subject"/>
      <param datatype="STRING" help="Body"/>
      <param datatype="STRING" help="To"/>
      <param datatype="STRING" help="AttachFileName1"/>
      <param datatype="STRING" help="AttachFileName2"/>
      <param datatype="STRING" help="AttachFileName3"/>
      <param datatype="LONG" help="RequestId"/>
   </function>
   <action assettype="Create" batch="false" desc="Sets value of field PartnerToken"
           exposed="false"
           field="PartnerToken"
           methodname="runCmd"
           name="PartnerToken ="
           public="false"
           responsetype="TEXT"
           type="Setter">
      <param datatype="STRING" help="Value of the field PartnerToken"/>
   </action>
   <function assettype="Create" authtype="BEARER" batch="false"
             bearer="[CREST_LMS_ADMIN_TOKEN]"
             desc=""
             downloadloc=""
             exposed="false"
             isdownload="false"
             method="POST"
             methodname="runCmd"
             name="rc_CentralEmailConnector.email_act_sendEmail"
             proxyenabled="false"
             public="false"
             rawbody="false"
             rawdata=""
             rawmediatype="TEXT"
             readtimeout="600"
             responsetype="TEXT"
             returntype="STRING"
             type="RestService"
             url="[SERVER_PROTOCOL]://[SERVER_IP]:[SERVER_PORT]/RuleServer/services/CentralEmailConnector/assets/email_act_sendEmail"
             writetimeout="600">
      <param datatype="STRING" help="Subject"/>
      <param datatype="STRING" help="Body"/>
      <param datatype="STRING" help="To"/>
      <param datatype="STRING" help="AttachFileName1"/>
      <param datatype="STRING" help="AttachFileName2"/>
      <param datatype="STRING" help="AttachFileName3"/>
      <param datatype="LONG" help="RequestId"/>
      <body key="AttachFileName1" value="[AttachFileName1]"/>
      <body key="AttachFileName2" value="[AttachFileName2]"/>
      <body key="AttachFileName3" value="[AttachFileName3]"/>
      <body key="Body" value="[Body]"/>
      <body key="RequestId" value="[RequestId]"/>
      <body key="Subject" value="[Subject]"/>
      <body key="To" value="[To]"/>
      <reference name="Subject"/>
   </function>
   <action assettype="Create" batch="false" breakonerror="false"
           datasource="filter_agreementExpiresWithinAYear"
           desc=""
           exposed="false"
           methodname="runCmd"
           name="job_agreementExpiresWithinAYear"
           numrows=""
           numthreads="1"
           public="false"
           responsetype="TEXT"
           type="Job">
      <member name="ExcelWriter.addRow"
              params="[filter_agreementExpiresWithinAYear.sitecode]\,[filter_agreementExpiresWithinAYear.sitename]\,[filter_agreementExpiresWithinAYear.siteaddress]\,[filter_agreementExpiresWithinAYear.agreementname]\,[filter_agreementExpiresWithinAYear.agreementdate]\,[filter_agreementExpiresWithinAYear.startdate]\,[filter_agreementExpiresWithinAYear.enddate]\,[filter_agreementExpiresWithinAYear.landlordname]\,[filter_agreementExpiresWithinAYear.contactno]\,[filter_agreementExpiresWithinAYear.landlordaddress]\,[filter_agreementExpiresWithinAYear.email]"/>
      <reference name="filter_agreementExpiresWithinAYear.sitecode"/>
      <reference name="filter_agreementExpiresWithinAYear.sitename"/>
      <reference name="filter_agreementExpiresWithinAYear.siteaddress"/>
      <reference name="filter_agreementExpiresWithinAYear.agreementname"/>
      <reference name="filter_agreementExpiresWithinAYear.agreementdate"/>
      <reference name="filter_agreementExpiresWithinAYear.startdate"/>
      <reference name="filter_agreementExpiresWithinAYear.enddate"/>
      <reference name="filter_agreementExpiresWithinAYear.landlordname"/>
      <reference name="filter_agreementExpiresWithinAYear.contactno"/>
      <reference name="filter_agreementExpiresWithinAYear.landlordaddress"/>
      <reference name="filter_agreementExpiresWithinAYear.email"/>
   </action>
   <field assettype="Create" batch="false" datatype="STRING" desc="" encrypted="false"
          exposed="false"
          fieldtype="USER"
          name="EngineName"
          public="false"
          responsetype="TEXT"
          threadlocal="false"
          valuestr="AgreementRenewal"/>
   <field assettype="Create" batch="false" datatype="STRING" desc="" encrypted="false"
          exposed="false"
          fieldtype="USER"
          name="LogMessage"
          public="false"
          responsetype="TEXT"
          threadlocal="true"
          valuestr=""/>
   <action assettype="Create" batch="false" desc="Sets value of field LogMessage"
           exposed="false"
           field="LogMessage"
           methodname="runCmd"
           name="LogMessage ="
           public="false"
           responsetype="TEXT"
           type="Setter">
      <param datatype="STRING" help="Value of the field LogMessage"/>
   </action>
   <field assettype="Create" batch="false" datatype="STRING" desc="" encrypted="false"
          exposed="false"
          fieldtype="USER"
          name="EmailId"
          public="false"
          responsetype="TEXT"
          threadlocal="true"
          valuestr=""/>
   <field assettype="Create" batch="false" datatype="INTEGER" desc="" encrypted="false"
          exposed="false"
          fieldtype="USER"
          name="EventId"
          public="false"
          responsetype="TEXT"
          threadlocal="true"
          valuestr="0"/>
   <action assettype="Create" batch="false" desc="Sets value of field EventId"
           exposed="false"
           field="EventId"
           methodname="runCmd"
           name="EventId ="
           public="false"
           responsetype="TEXT"
           type="Setter">
      <param datatype="INTEGER" help="Value of the field EventId"/>
   </action>
   <field assettype="Create" batch="false" datatype="INTEGER" desc="" encrypted="false"
          exposed="false"
          fieldtype="USER"
          name="Status"
          public="false"
          responsetype="TEXT"
          threadlocal="true"
          valuestr="0"/>
   <action assettype="Create" batch="false" desc="" exposed="false" methodname="runCmd"
           name="script_sendEmail"
           public="false"
           responsetype="TEXT"
           type="Script">
      <script scripttype="Javascript">//rc_CentralEmailConnector_email_act_sendEmail.call("RentAgreementExpirationData","Please Find the attached excel file","arnab.exm@gmail.com","D:\\LMS\\Ongoing Works\\CSV Files For AgreementRenewal\\AgreementExpirationData.xlsx","","",12);
CentralEmailConnector_email_act_sendEmail.call("RentAgreementExpirationData","Please Find the attached excel file","arnab.exm@gmail.com","D:\\LMS\\Ongoing Works\\CSV Files For AgreementRenewal\\AgreementExpirationData.xlsx","","",12);</script>
      <reference name="rc_CentralEmailConnector.email_act_sendEmail"/>
      <reference name="CentralEmailConnector.email_act_sendEmail"/>
   </action>
   <datasource assettype="Create" batch="false" connector="partner_DB_Connector@dblink"
               desc=""
               dstype="QueryString"
               exposed="false"
               expression="SELECT EVENTID, EVENTNAME, SUBJECT, BODY, EMAILSTATUS FROM CB_EMAILEVENT WHERE EVENTID = #bEventId#"
               fetchsize="16"
               name="ds_getEmailEvent"
               public="false"
               responsetype="TEXT"
               volatile="true">
      <boundvar exp="[EventId]" name="bEventId" type="INTEGER"/>
      <reference name="EventId"/>
   </datasource>
   <action assettype="Create" batch="false" datasource="ds_getEmailEvent"
           desc="This action releases thread specific cursors or resultsets. This is safe to use in a multi threaded processing scenario as the impact is limited to calling thread."
           exposed="false"
           methodname="runCmd"
           name="ds_getEmailEvent.Refresh"
           public="false"
           responsetype="TEXT"
           type="RefreshDS"/>
   <field assettype="Create" batch="false" datasource="ds_getEmailEvent"
          datatype="STRING"
          desc=""
          element="subject"
          exposed="false"
          fieldtype="DATASRC"
          name="ds_getEmailEvent.subject"
          public="false"
          responsetype="TEXT"
          threadlocal="true"/>
   <field assettype="Create" batch="false" datasource="ds_getEmailEvent"
          datatype="STRING"
          desc=""
          element="body"
          exposed="false"
          fieldtype="DATASRC"
          name="ds_getEmailEvent.body"
          public="false"
          responsetype="TEXT"
          threadlocal="true"/>
   <field assettype="Create" batch="false" datatype="STRING" desc="" encrypted="false"
          exposed="false"
          fieldtype="USER"
          name="EmailBody"
          public="false"
          responsetype="TEXT"
          threadlocal="true"
          valuestr=""/>
   <action assettype="Create" batch="false" desc="Sets value of field EmailBody"
           exposed="false"
           field="EmailBody"
           methodname="runCmd"
           name="EmailBody ="
           public="false"
           responsetype="TEXT"
           type="Setter">
      <param datatype="STRING" help="Value of the field EmailBody"/>
   </action>
   <field assettype="Create" batch="false" datatype="INTEGER" desc="" encrypted="false"
          exposed="false"
          fieldtype="USER"
          name="EmailStatus"
          public="false"
          responsetype="TEXT"
          threadlocal="true"
          valuestr="0"/>
   <action assettype="Create" batch="false" desc="Sets value of field EmailStatus"
           exposed="false"
           field="EmailStatus"
           methodname="runCmd"
           name="EmailStatus ="
           public="false"
           responsetype="TEXT"
           type="Setter">
      <param datatype="INTEGER" help="Value of the field EmailStatus"/>
   </action>
   <field assettype="Create" batch="false" datatype="STRING" desc="" encrypted="false"
          exposed="false"
          fieldtype="USER"
          name="EmailFailureReason"
          public="false"
          responsetype="TEXT"
          threadlocal="true"
          valuestr=""/>
   <action assettype="Create" batch="false" desc="Sets value of field EmailFailureReason"
           exposed="false"
           field="EmailFailureReason"
           methodname="runCmd"
           name="EmailFailureReason ="
           public="false"
           responsetype="TEXT"
           type="Setter">
      <param datatype="STRING" help="Value of the field EmailFailureReason"/>
   </action>
   <action assettype="Create" batch="false" desc="Sets value of field Subject"
           exposed="false"
           field="Subject"
           methodname="runCmd"
           name="Subject ="
           public="false"
           responsetype="TEXT"
           type="Setter">
      <param datatype="STRING" help="Value of the field Subject"/>
   </action>
   <field assettype="Create" batch="false" datatype="STRING" desc="" encrypted="false"
          exposed="false"
          fieldtype="USER"
          name="ModuleName"
          public="false"
          responsetype="TEXT"
          threadlocal="false"
          valuestr="CRM"/>
   <field assettype="Create" batch="false" datatype="STRING" desc="" encrypted="false"
          exposed="false"
          fieldtype="USER"
          name="FaultReason"
          public="false"
          responsetype="TEXT"
          threadlocal="true"
          valuestr=""/>
   <field assettype="Create" batch="false" datatype="STRING" desc="" encrypted="false"
          exposed="false"
          fieldtype="USER"
          name="BodyText"
          public="false"
          responsetype="TEXT"
          threadlocal="true"
          valuestr=""/>
   <function assettype="Create" batch="false" desc="" exposed="false" methodname="runCmd"
             name="script_fnc_checkFaultReason"
             public="false"
             responsetype="TEXT"
             returntype="STRING"
             type="Script">
      <param datatype="STRING" help="FaultReason"/>
      <script scripttype="Javascript">var str = FaultReason;
var str_split = str.split(" ");
var output = "";
for(var i = 0; i &lt; str_split.length; i++)
{
	output = output + " " + str_split[i].replace("'","\\'");
}

output;
</script>
   </function>
   <action assettype="Create" batch="false" connector="partner_DB_Connector@dblink"
           desc="Execute the DML query as represented by the passed expression"
           exposed="false"
           methodname="executeDML"
           name="partner_DB_Connector.DML"
           public="false"
           responsetype="TEXT"
           type="DML">
      <param datatype="STRING" help="DML Query"/>
   </action>
   <field assettype="Create" batch="false" datasource="ds_getEmailEvent"
          datatype="INTEGER"
          desc=""
          element="emailstatus"
          exposed="false"
          fieldtype="DATASRC"
          name="ds_getEmailEvent.emailstatus"
          public="false"
          responsetype="TEXT"
          threadlocal="true"/>
   <action assettype="Create" batch="false" desc="Sets value of field BodyText"
           exposed="false"
           field="BodyText"
           methodname="runCmd"
           name="BodyText ="
           public="false"
           responsetype="TEXT"
           type="Setter">
      <param datatype="STRING" help="Value of the field BodyText"/>
   </action>
   <function assettype="Create" batch="false" desc="" exposed="false" methodname="runCmd"
             name="getHTMLStripped"
             public="false"
             responsetype="TEXT"
             returntype="STRING"
             type="Script">
      <param datatype="STRING" help="inputHTML"/>
      <script scripttype="Javascript">var str = inputHTML;
str = str.replace( /(&lt;([^&gt;]+)&gt;)/ig, '');

str;</script>
   </function>
   <action assettype="Create" batch="false" desc="" exposed="false" handleerror="true"
           methodname="runCmd"
           name="act_populateEmailRequest"
           public="false"
           responsetype="TEXT"
           type="OnError">
      <param datatype="INTEGER" help="EventId"/>
      <param datatype="STRING" help="ModuleName"/>
      <param datatype="STRING" help="ToEmailId"/>
      <param datatype="STRING" help="SubjectMail"/>
      <param datatype="STRING" help="BodyMail"/>
      <param datatype="INTEGER" help="Priority"/>
      <param datatype="INTEGER" help="Status"/>
      <param datatype="STRING" help="FaultReason"/>
      <normalaction name="BodyText =" params="{getHTMLStripped([BodyMail])}"/>
      <normalaction name="partner_DB_Connector.DML"
                    params="INSERT INTO CB_EMAILREQUEST(EVENTID\,MODULENAME\,TOEMAILID\,SUBJECT\,BODY\,REQUESTDATETIME\,PRIORITY\,SENDRETRYCOUNT\,FAILUREREASON\,SENDINGDATETIME\,STATUS\,BODYTEXT) VALUES([EventId]\,'[ModuleName]'\,'[ToEmailId]'\,'[SubjectMail]'\,'[BodyMail]'\,CURRENT_TIMESTAMP\,[Priority]\,0\,E'[FaultReason]'\,CURRENT_TIMESTAMP\,[Status]\,'[BodyText]')"/>
      <erroraction name="LogMessage ="
                   params="populating email request into CB_EMAILREQUEST table"/>
      <erroraction name="nullout"
                   params="{Connector_Logger.writeLine2([EngineName],Error: seq_sendEmail::rule_checkEmailtoSend::act_populateEmailRequest:[LogMessage],[PARTITION_ID])}"/>
      <erroraction name="nullout"
                   params="{Connector_Logger.writeLine2([EngineName],Error: seq_sendEmail::rule_checkEmailtoSend::act_populateEmailRequest:{Builtin.getLastErrorStack()},[PARTITION_ID])}"/>
      <erroraction name="exception" params="&lt;&lt;&lt; Error: [LogMessage] &gt;&gt;&gt;"/>
      <reference name="getHTMLStripped"/>
      <reference name="EventId"/>
      <reference name="ModuleName"/>
      <reference name="FaultReason"/>
      <reference name="Status"/>
      <reference name="BodyText"/>
      <reference name="Connector_Logger.writeLine2"/>
      <reference name="EngineName"/>
      <reference name="LogMessage"/>
      <reference name="getLastErrorStack"/>
   </action>
   <function assettype="Create" authtype="BEARER" batch="false"
             bearer="[CREST_LMS_ADMIN_TOKEN]"
             desc=""
             downloadloc=""
             exposed="false"
             isdownload="false"
             method="POST"
             methodname="runCmd"
             name="rc_CentralEmailConnector.act_sendEmail"
             proxyenabled="false"
             public="false"
             rawbody="false"
             rawdata=""
             rawmediatype="TEXT"
             readtimeout="600"
             responsetype="TEXT"
             returntype="STRING"
             type="RestService"
             url="[SERVER_PROTOCOL]://[SERVER_IP]:[SERVER_PORT]/RuleServer/services/CentralEmailConnector/assets/act_sendEmail"
             writetimeout="600">
      <param datatype="STRING" help="ToEmail"/>
      <param datatype="STRING" help="SubjectMail"/>
      <param datatype="STRING" help="BodyMail"/>
      <body key="BodyMail" value="[BodyMail]"/>
      <body key="SubjectMail" value="[SubjectMail]"/>
      <body key="ToEmail" value="[ToEmail]"/>
   </function>
   <field assettype="Create" batch="false" datatype="STRING" desc="" encrypted="false"
          exposed="false"
          fieldtype="USER"
          name="Partner_Logo"
          public="false"
          responsetype="TEXT"
          threadlocal="true"
          valuestr=""/>
   <field assettype="Create" batch="false" datatype="STRING" desc="" encrypted="false"
          exposed="false"
          fieldtype="USER"
          name="Truebyl_Logo"
          public="false"
          responsetype="TEXT"
          threadlocal="false"
          valuestr="truebyl_logo.png"/>
   <action assettype="Create" batch="false" desc="" exposed="false" methodname="runCmd"
           name="script_act_getPartnerLogo"
           public="false"
           responsetype="TEXT"
           type="Script">
      <param datatype="STRING" help="PartitionId"/>
      <script scripttype="Javascript">var apiName = "Customer::script_fnc_getPartnerLogo:";
var logMsg = "";
var logLevel = "Error:: ";
if(PartitionId == 'default')
	v_Partner_Logo.set(getenv.call("TRUEBYL_DOMAIN")+TRUEBYL_PARTNER_LOGO_URL+v_Truebyl_Logo.get());
else if (PartitionId == '')
	v_Partner_Logo.set(getenv.call("TRUEBYL_DOMAIN")+TRUEBYL_PARTNER_LOGO_URL+v_Truebyl_Logo.get());
else
{
	try
	{	
		v_Partner_Logo.set(getenv.call("TRUEBYL_DOMAIN")+TRUEBYL_PARTNER_LOGO_URL+PartitionId+'_logo.png');
	}
	catch(e){
		logMsg = "Getting Partner Logo::";
		Connector_Logger_writeLine2.call(v_EngineName.get(),logLevel+apiName+logMsg,PARTITION_ID);
		Connector_Logger_writeLine2.call(v_EngineName.get(),logLevel+apiName+getLastErrorStack.call(),PARTITION_ID);
		throw "&amp;lt;&amp;lt;&amp;lt; "+ logLevel + logMsg +" &amp;gt;&amp;gt;&amp;gt;";
	}
}</script>
      <reference name="Connector_Logger.writeLine2"/>
      <reference name="getLastErrorStack"/>
      <reference name="getenv"/>
      <reference name="EngineName"/>
      <reference name="Partner_Logo"/>
      <reference name="Truebyl_Logo"/>
   </action>
   <function assettype="Create" authtype="BEARER" batch="false"
             bearer="[CREST_LMS_ADMIN_TOKEN]"
             desc=""
             downloadloc=""
             exposed="false"
             isdownload="false"
             method="POST"
             methodname="runCmd"
             name="rc_CentralEmailConnector.email_act_sendEmailwithSingleAttachment"
             proxyenabled="false"
             public="false"
             rawbody="false"
             rawdata=""
             rawmediatype="TEXT"
             readtimeout="600"
             responsetype="TEXT"
             returntype="STRING"
             type="RestService"
             url="[SERVER_PROTOCOL]://[SERVER_IP]:[SERVER_PORT]/RuleServer/services/CentralEmailConnector/assets/email_act_sendEmailwithSingleAttachment"
             writetimeout="600">
      <param datatype="STRING" help="Subject"/>
      <param datatype="STRING" help="Body"/>
      <param datatype="STRING" help="To"/>
      <param datatype="STRING" help="AttachFileName1"/>
      <body key="AttachFileName1" value="[AttachFileName1]"/>
      <body key="Body" value="[Body]"/>
      <body key="Subject" value="[Subject]"/>
      <body key="To" value="[To]"/>
      <reference name="Subject"/>
   </function>
   <field assettype="Create" batch="false" datatype="STRING" desc="" encrypted="false"
          exposed="false"
          fieldtype="USER"
          name="Company"
          public="false"
          responsetype="TEXT"
          threadlocal="true"
          valuestr=""/>
   <action assettype="Create" batch="false" desc="Sets value of field Company"
           exposed="false"
           field="Company"
           methodname="runCmd"
           name="Company ="
           public="false"
           responsetype="TEXT"
           type="Setter">
      <param datatype="STRING" help="Value of the field Company"/>
   </action>
   <action assettype="Create" batch="false" desc="" exposed="false" handleerror="true"
           methodname="runCmd"
           name="act_sendEmail.OnError"
           public="false"
           responsetype="TEXT"
           type="OnError">
      <param datatype="STRING" help="ToEmail"/>
      <param datatype="STRING" help="MailSubject"/>
      <param datatype="STRING" help="MailBody"/>
      <param datatype="STRING" help="AttachmentFile"/>
      <normalaction name="nullout"
                    params="{rc_CentralEmailConnector.email_act_sendEmailwithSingleAttachment([MailSubject],[MailBody],[ToEmail],[AttachmentFile])}"/>
      <normalaction name="EmailStatus =" params="1"/>
      <normalaction name="EmailFailureReason =" params="&#34; &#34;"/>
      <erroraction name="LogMessage =" params="sending email"/>
      <erroraction name="nullout"
                   params="{Connector_Logger.writeLine2([EngineName],Error: seq_sendEmail::rule_checkEmailtoSend::act_sendEmail.OnError:[LogMessage],[PARTITION_ID])}"/>
      <erroraction name="nullout"
                   params="{Connector_Logger.writeLine2([EngineName],Error: seq_sendEmail::rule_checkEmailtoSend::act_sendEmail.OnError:{Builtin.getLastErrorStack()},[PARTITION_ID])}"/>
      <erroraction name="EmailStatus =" params="2"/>
      <erroraction name="EmailFailureReason =" params="{Builtin.getLastError()}"/>
      <reference name="rc_CentralEmailConnector.email_act_sendEmailwithSingleAttachment"/>
      <reference name="Connector_Logger.writeLine2"/>
      <reference name="EngineName"/>
      <reference name="LogMessage"/>
      <reference name="getLastErrorStack"/>
      <reference name="getLastError"/>
   </action>
   <field assettype="Create" batch="false" datatype="STRING" desc="" encrypted="false"
          exposed="false"
          fieldtype="USER"
          name="Report_File_Name"
          public="false"
          responsetype="TEXT"
          threadlocal="true"
          valuestr=""/>
   <action assettype="Create" batch="false" breakonsuccess="false" desc="" exposed="false"
           methodname="runCmd"
           name="seq_agreementExpiresWithinAYear"
           public="false"
           responsetype="TEXT"
           serialized="false"
           threadmode="false"
           type="Sequence">
      <subscriber action="ExcelWriter.createSheet" params="ToBeExpiredWithinAYear"/>
      <subscriber action="ExcelWriter.addHeader"
                  params="Site Id\,Site Name\,Address\,Agreement Name\,Agreement Date\,Start Date\,End Date\,Landlord Name\,Contact No\,Address\,Email"/>
      <subscriber action="filter_agreementExpiresWithinAYear.Refresh" params=""/>
      <subscriber action="job_agreementExpiresWithinAYear" params=""/>
   </action>
   <action assettype="Create" batch="false" breakonerror="false"
           datasource="ds_agreementExpiresWithinSixMonths"
           desc=""
           exposed="false"
           methodname="runCmd"
           name="job_agreementExpiresWithinSixMonths"
           numrows=""
           numthreads="1"
           public="false"
           responsetype="TEXT"
           type="Job">
      <member name="ExcelWriter.addRow"
              params="[ds_agreementExpiresWithinSixMonths.sitecode]\,[ds_agreementExpiresWithinSixMonths.sitename]\,[ds_agreementExpiresWithinSixMonths.siteaddress]\,[ds_agreementExpiresWithinSixMonths.agreementname]\,[ds_agreementExpiresWithinSixMonths.agreementdate]\,[ds_agreementExpiresWithinSixMonths.startdate]\,[ds_agreementExpiresWithinSixMonths.enddate]\,[ds_agreementExpiresWithinSixMonths.landlordname]\,[ds_agreementExpiresWithinSixMonths.contactno]\,[ds_agreementExpiresWithinSixMonths.landlordaddress]\,[ds_agreementExpiresWithinSixMonths.email]"/>
      <reference name="ds_agreementExpiresWithinSixMonths.sitecode"/>
      <reference name="ds_agreementExpiresWithinSixMonths.sitename"/>
      <reference name="ds_agreementExpiresWithinSixMonths.siteaddress"/>
      <reference name="ds_agreementExpiresWithinSixMonths.agreementname"/>
      <reference name="ds_agreementExpiresWithinSixMonths.agreementdate"/>
      <reference name="ds_agreementExpiresWithinSixMonths.startdate"/>
      <reference name="ds_agreementExpiresWithinSixMonths.enddate"/>
      <reference name="ds_agreementExpiresWithinSixMonths.landlordname"/>
      <reference name="ds_agreementExpiresWithinSixMonths.contactno"/>
      <reference name="ds_agreementExpiresWithinSixMonths.landlordaddress"/>
      <reference name="ds_agreementExpiresWithinSixMonths.email"/>
   </action>
   <action assettype="Create" batch="false" breakonsuccess="false" desc="" exposed="false"
           methodname="runCmd"
           name="seq_agreementExpiresWithinSixMonths"
           public="false"
           responsetype="TEXT"
           serialized="false"
           threadmode="false"
           type="Sequence">
      <subscriber action="ExcelWriter.createSheet" params="ToBeExpiredWithinSixMonths"/>
      <subscriber action="ExcelWriter.addHeader"
                  params="Site Id\,Site Name\,Address\,Agreement Name\,Agreement Date\,Start Date\,End Date\,Landlord Name\,Contact No\,Address\,Email"/>
      <subscriber action="ds_agreementExpiresWithinSixMonths.Refresh" params=""/>
      <subscriber action="job_agreementExpiresWithinSixMonths" params=""/>
   </action>
   <action assettype="Create" batch="false" breakonerror="false"
           datasource="ds_agreementExpiresWithinThreeMonths"
           desc=""
           exposed="false"
           methodname="runCmd"
           name="job_agreementExpiresWithinThreeMonths"
           numrows=""
           numthreads="1"
           public="false"
           responsetype="TEXT"
           type="Job">
      <member name="ExcelWriter.addRow"
              params="[ds_agreementExpiresWithinThreeMonths.sitecode]\,[ds_agreementExpiresWithinThreeMonths.sitename]\,[ds_agreementExpiresWithinThreeMonths.siteaddress]\,[ds_agreementExpiresWithinThreeMonths.agreementname]\,[ds_agreementExpiresWithinThreeMonths.agreementdate]\,[ds_agreementExpiresWithinThreeMonths.startdate]\,[ds_agreementExpiresWithinThreeMonths.enddate]\,[ds_agreementExpiresWithinThreeMonths.landlordname]\,[ds_agreementExpiresWithinThreeMonths.contactno]\,[ds_agreementExpiresWithinThreeMonths.landlordaddress]\,[ds_agreementExpiresWithinThreeMonths.email]"/>
      <reference name="ds_agreementExpiresWithinThreeMonths.sitecode"/>
      <reference name="ds_agreementExpiresWithinThreeMonths.sitename"/>
      <reference name="ds_agreementExpiresWithinThreeMonths.siteaddress"/>
      <reference name="ds_agreementExpiresWithinThreeMonths.agreementname"/>
      <reference name="ds_agreementExpiresWithinThreeMonths.agreementdate"/>
      <reference name="ds_agreementExpiresWithinThreeMonths.startdate"/>
      <reference name="ds_agreementExpiresWithinThreeMonths.enddate"/>
      <reference name="ds_agreementExpiresWithinThreeMonths.landlordname"/>
      <reference name="ds_agreementExpiresWithinThreeMonths.contactno"/>
      <reference name="ds_agreementExpiresWithinThreeMonths.landlordaddress"/>
      <reference name="ds_agreementExpiresWithinThreeMonths.email"/>
   </action>
   <action assettype="Create" batch="false" breakonsuccess="false" desc="" exposed="false"
           methodname="runCmd"
           name="seq_agreementExpiresWithinThreeMonths"
           public="false"
           responsetype="TEXT"
           serialized="false"
           threadmode="false"
           type="Sequence">
      <subscriber action="ExcelWriter.createSheet" params="ToBeExpiredWithinThreeMonths"/>
      <subscriber action="ExcelWriter.addHeader"
                  params="Site Id\,Site Name\,Address\,Agreement Name\,Agreement Date\,Start Date\,End Date\,Landlord Name\,Contact No\,Address\,Email"/>
      <subscriber action="ds_agreementExpiresWithinThreeMonths.Refresh" params=""/>
      <subscriber action="job_agreementExpiresWithinThreeMonths" params=""/>
   </action>
   <action assettype="Create" batch="false" breakonerror="false"
           datasource="ds_agreementExpiresWithinOneMonth"
           desc=""
           exposed="false"
           methodname="runCmd"
           name="job_agreementExpiresWithinOneMonth"
           numrows=""
           numthreads="1"
           public="false"
           responsetype="TEXT"
           type="Job">
      <member name="ExcelWriter.addRow"
              params="[ds_agreementExpiresWithinOneMonth.sitecode]\,[ds_agreementExpiresWithinOneMonth.sitename]\,[ds_agreementExpiresWithinOneMonth.siteaddress]\,[ds_agreementExpiresWithinOneMonth.agreementname]\,[ds_agreementExpiresWithinOneMonth.agreementdate]\,[ds_agreementExpiresWithinOneMonth.startdate]\,[ds_agreementExpiresWithinOneMonth.enddate]\,[ds_agreementExpiresWithinOneMonth.landlordname]\,[ds_agreementExpiresWithinOneMonth.contactno]\,[ds_agreementExpiresWithinOneMonth.landlordaddress]\,[ds_agreementExpiresWithinOneMonth.email]"/>
      <reference name="ds_agreementExpiresWithinOneMonth.sitecode"/>
      <reference name="ds_agreementExpiresWithinOneMonth.sitename"/>
      <reference name="ds_agreementExpiresWithinOneMonth.siteaddress"/>
      <reference name="ds_agreementExpiresWithinOneMonth.agreementname"/>
      <reference name="ds_agreementExpiresWithinOneMonth.agreementdate"/>
      <reference name="ds_agreementExpiresWithinOneMonth.startdate"/>
      <reference name="ds_agreementExpiresWithinOneMonth.enddate"/>
      <reference name="ds_agreementExpiresWithinOneMonth.landlordname"/>
      <reference name="ds_agreementExpiresWithinOneMonth.contactno"/>
      <reference name="ds_agreementExpiresWithinOneMonth.landlordaddress"/>
      <reference name="ds_agreementExpiresWithinOneMonth.email"/>
   </action>
   <action assettype="Create" batch="false" breakonsuccess="false" desc="" exposed="false"
           methodname="runCmd"
           name="seq_agreementExpiresWithinOneMonth"
           public="false"
           responsetype="TEXT"
           serialized="false"
           threadmode="false"
           type="Sequence">
      <subscriber action="ExcelWriter.createSheet" params="ToBeExpiredWithinOneMonth"/>
      <subscriber action="ExcelWriter.addHeader"
                  params="Site Id\,Site Name\,Address\,Agreement Name\,Agreement Date\,Start Date\,End Date\,Landlord Name\,Contact No\,Address\,Email"/>
      <subscriber action="ds_agreementExpiresWithinOneMonth.Refresh" params=""/>
      <subscriber action="job_agreementExpiresWithinOneMonth" params=""/>
   </action>
   <action assettype="Create" batch="false" classconnector="connector_FileLogger"
           desc="Action setPath of Class connector_FileLogger"
           exposed="false"
           methodname="setPath"
           name="connector_FileLogger.setPath"
           public="false"
           responsetype="TEXT"
           type="Custom">
      <param datatype="STRING" help="arg0"/>
   </action>
   <field assettype="Create" batch="false" datatype="DATETIME" desc="" exposed="false"
          fieldtype="NOW"
          name="LoggerDateTime"
          public="false"
          responsetype="TEXT"
          threadlocal="true"/>
   <function assettype="Create" batch="false" desc="Formats a DATA/TIME type field"
             exposed="false"
             fieldname="LoggerDateTime"
             methodname="date_formatter"
             name="LoggerDateTime.Formatter"
             public="false"
             responsetype="TEXT"
             returntype="STRING"
             type="Formatter">
      <param datatype="STRING" help="Output Format"/>
   </function>
   <action assettype="Create" batch="false" desc="" exposed="false" methodname="runCmd"
           name="rule_checkEmailtoSend"
           public="false"
           responsetype="TEXT"
           type="Rule">
      <param datatype="INTEGER" help="Email_Send_Status"/>
      <param datatype="INTEGER" help="EmailEventId"/>
      <param datatype="STRING" help="EmailId"/>
      <param datatype="INTEGER" help="EmailPriority"/>
      <ruleslot join="AND">
         <slot condition="[Email_Send_Status] == 1" message="" useexp="true"/>
      </ruleslot>
      <trueaction name="script_act_getPartnerLogo" params="[PARTITION_ID]"/>
      <trueaction name="act_sendEmail.OnError"
                  params="[EmailId],[ds_getEmailEvent.subject],{Builtin.filetotext([EmailBody])},[Report_File_Name]"/>
      <trueaction name="act_populateEmailRequest"
                  params="[EventId],[ModuleName],[EmailId],[Subject],{Builtin.filetotext([EmailBody])},[EmailPriority],[EmailStatus],{script_fnc_checkFaultReason([EmailFailureReason])}"/>
      <falseaction name="LogMessage =" params="configured to send no email"/>
      <falseaction name="nullout"
                   params="{Connector_Logger.writeLine2([EngineName],INFO: seq_sendEmail::rule_checkEmailtoSend:[LogMessage],[PARTITION_ID])}"/>
      <reference name="EmailId"/>
      <reference name="ds_getEmailEvent.subject"/>
      <reference name="filetotext"/>
      <reference name="EmailBody"/>
      <reference name="Report_File_Name"/>
      <reference name="EventId"/>
      <reference name="ModuleName"/>
      <reference name="Subject"/>
      <reference name="EmailStatus"/>
      <reference name="script_fnc_checkFaultReason"/>
      <reference name="EmailFailureReason"/>
      <reference name="Connector_Logger.writeLine2"/>
      <reference name="EngineName"/>
      <reference name="LogMessage"/>
   </action>
   <action assettype="Create" batch="false" breakonsuccess="false" desc="" exposed="false"
           methodname="runCmd"
           name="seq_sendEmail"
           public="false"
           responsetype="TEXT"
           serialized="true"
           threadmode="false"
           type="Sequence">
      <param datatype="INTEGER" help="EmailEventId"/>
      <param datatype="STRING" help="EmailId"/>
      <param datatype="INTEGER" help="EmailPriority"/>
      <subscriber action="Company =" params="[Partner_CompanyName]"/>
      <subscriber action="EventId =" params="[EmailEventId]"/>
      <subscriber action="sysout" params="Event Id - [EventId]"/>
      <subscriber action="ds_getEmailEvent.Refresh" params=""/>
      <subscriber action="Subject =" params="[ds_getEmailEvent.subject]"/>
      <subscriber action="sysout" params="Subject - [ds_getEmailEvent.subject]"/>
      <subscriber action="EmailBody =" params="[EMAIL_TEMPLATE_PATH][ds_getEmailEvent.body]"/>
      <subscriber action="rule_checkEmailtoSend"
                  params="[ds_getEmailEvent.emailstatus],[EmailEventId],[EmailId],[EmailPriority]"/>
      <reference name="EventId"/>
      <reference name="ds_getEmailEvent.subject"/>
      <reference name="ds_getEmailEvent.body"/>
      <reference name="ds_getEmailEvent.emailstatus"/>
      <reference name="EmailId"/>
   </action>
   <action assettype="Create" batch="false" desc="Sets value of field Report_File_Name"
           exposed="false"
           field="Report_File_Name"
           methodname="runCmd"
           name="Report_File_Name ="
           public="false"
           responsetype="TEXT"
           type="Setter">
      <param datatype="STRING" help="Value of the field Report_File_Name"/>
   </action>
   <action assettype="Create" batch="false" breakonsuccess="false" desc="" exposed="false"
           methodname="runCmd"
           name="seq_filteredAgreementExpirationData"
           public="false"
           responsetype="TEXT"
           serialized="false"
           threadmode="false"
           type="Sequence">
      <subscriber action="PartnerToken =" params="[CREST_LMS_ADMIN_TOKEN]"/>
      <subscriber action="ds_remainingAgreementDays.Refresh" params=""/>
      <subscriber action="Connector_Logger.writeLine2"
                  params="[EngineName],INFO - Data Loaded..,[PARTITION_ID]"/>
      <subscriber action="Report_File_Name ="
                  params="[CREST_LMS_Rent_Agreement_Renewal_CSV_Path]AgreementExpirationData_{LoggerDateTime.Formatter(&#34;dd-MMM-yyyyHHmmSS&#34;)}.xlsx"/>
      <subscriber action="Connector_Logger.writeLine2"
                  params="[EngineName],INFO - Report FIle Name [Report_File_Name]...,[PARTITION_ID]"/>
      <subscriber action="ExcelWriter.createBook" params="[Report_File_Name]"/>
      <subscriber action="Connector_Logger.writeLine2"
                  params="[EngineName],INFO - File Created [Report_File_Name]...,[PARTITION_ID]"/>
      <subscriber action="seq_expiredAgreements" params=""/>
      <subscriber action="seq_agreementExpiresWithinAYear" params=""/>
      <subscriber action="seq_agreementExpiresWithinSixMonths" params=""/>
      <subscriber action="seq_agreementExpiresWithinThreeMonths" params=""/>
      <subscriber action="seq_agreementExpiresWithinOneMonth" params=""/>
      <subscriber action="ExcelWriter.closeBook" params=""/>
      <subscriber action="seq_sendEmail"
                  params="507,[CREST_LMS_Rent_Agreement_Renewal_Receiver_Email_Id],1"/>
      <reference name="EngineName"/>
      <reference name="LoggerDateTime.Formatter"/>
      <reference name="Report_File_Name"/>
   </action>
   <action assettype="Create" batch="false" desc="" exposed="false" handleerror="true"
           methodname="runCmd"
           name="ExcelWriter.closeBook.OnError"
           public="false"
           responsetype="TEXT"
           type="OnError">
      <normalaction name="ExcelWriter.closeBook" params=""/>
   </action>
   <action assettype="Create" batch="false" connector="partner_DB_Connector@dblink"
           desc=""
           exposed="false"
           methodname="runCmd"
           name="pdml_UpdateStatusForExpireAgreement"
           public="false"
           querytype="UPDATE"
           responsetype="TEXT"
           table="tb_siteagreement"
           type="PDML">
      <col name="status" ptype="INTEGER" stype="5" value="3"/>
      <where cond="EQ" name="status" ptype="INTEGER" stype="5" value="1"/>
      <where cond="LT" name="enddate" ptype="DATETIME" stype="93"
             value="{Builtin.timestamp()}"/>
      <reference name="timestamp"/>
   </action>
   <action assettype="Create" batch="false" breakonerror="true" desc="" exposed="false"
           infinite="true"
           interval=""
           maxindex=""
           methodname="runCmd"
           minindex=""
           name="loop_RentAgreementRenewalProcess"
           public="false"
           responsetype="TEXT"
           type="Loop">
      <subscriber action="sleep" params="3000"/>
      <subscriber action="sysout" params="Keepimng the process alive"/>
   </action>
   <action assettype="Create" batch="false" desc="" exposed="false" handleerror="true"
           methodname="runCmd"
           name="onError_UpdateStatusForExpireAgreement"
           public="false"
           responsetype="TEXT"
           type="OnError">
      <normalaction name="pdml_UpdateStatusForExpireAgreement" params=""/>
      <erroraction name="sysout" params="Error in Update status for expired data"/>
      <erroraction name="LogMessage =" params="Error in Update status for expired data"/>
   </action>
   <action assettype="Create" batch="true" desc="" exposed="false" handleerror="true"
           methodname="runCmd"
           name="onError_filteredAgreementExpirationData"
           public="false"
           responsetype="TEXT"
           type="OnError">
      <normalaction name="Connector_Logger.writeLine2"
                    params="[EngineName],INFO - Calculating rent agreement renewal details...,[PARTITION_ID]"/>
      <normalaction name="seq_filteredAgreementExpirationData" params=""/>
      <normalaction name="onError_UpdateStatusForExpireAgreement" params=""/>
      <normalaction name="Connector_Logger.writeLine2"
                    params="[EngineName],INFO - Rent agreement renewal detailed file generation complete...,[PARTITION_ID]"/>
      <erroraction name="Connector_Logger.writeLine2"
                   params="[EngineName],ERROR - Error calculating rent agreement renewal details...{Builtin.getLastError()},[PARTITION_ID]"/>
      <erroraction name="Connector_Logger.writeLine2"
                   params="[EngineName],Error Stack {Builtin.getLastErrorStack()},[PARTITION_ID]"/>
      <erroraction name="ExcelWriter.closeBook.OnError" params=""/>
      <reference name="EngineName"/>
      <reference name="getLastError"/>
      <reference name="getLastErrorStack"/>
   </action>
   <action assettype="Create" batch="false" cron="0 0 08 * * ?" desc="" exposed="false"
           methodname="runCmd"
           name="Rent_Agreement_Renewal_Process_sch"
           public="false"
           repeats="0"
           responsetype="TEXT"
           type="Scheduled">
      <subscriber action="Connector_Logger.writeLine2"
                  params="[EngineName],INFO - Scheduler process has started up,[PARTITION_ID]"/>
      <subscriber action="onError_filteredAgreementExpirationData" params=""/>
      <subscriber action="Connector_Logger.writeLine2"
                  params="[EngineName],INFO - Scheduler process ended,[PARTITION_ID]"/>
      <reference name="EngineName"/>
   </action>
   <action assettype="Create" batch="true" breakonsuccess="false" desc="" exposed="false"
           methodname="runCmd"
           name="process_RentAgreementRenewal"
           public="false"
           responsetype="TEXT"
           serialized="false"
           threadmode="false"
           type="Sequence">
      <subscriber action="Connector_Logger.writeLine2"
                  params="[EngineName],INFO - Starting Rent Agreement Renewal Process,[PARTITION_ID]"/>
      <subscriber action="Rent_Agreement_Renewal_Process_sch" params=""/>
      <subscriber action="loop_RentAgreementRenewalProcess" params=""/>
      <reference name="EngineName"/>
   </action>
</rulesconfig>